cut,color,clarity,carat,report,shape,price
Ideal,F,VS1,1.72,IGI,Round,5520.0
Ideal,J,VS2,2.06,IGI,Oval,4212.0
Super Ideal,H,VS2,2.29,IGI,Round,5940.0
Ideal,I,SI1,0.93,IGI,Emerald,1180.0
Ideal,J,SI1,2.05,GCAL,Round,3560.0
Very Good,F,VS1,0.53,IGI,Oval,645.0
Ideal,E,SI2,1.51,IGI,Emerald,2810.0
Ideal,H,SI1,0.53,IGI,Round,570.0
Ideal,G,VS2,2.36,GCAL,Oval,7510.0
Super Ideal,I,VVS2,0.35,IGI,Round,380.0
Very Good,D,VS1,0.34,IGI,Pear,380.0
Ideal,E,SI2,2.01,IGI,Round,4920.0
Super Ideal,J,VS2,1.35,IGI,Round,1850.0
Ideal,I,VVS1,1.21,IGI,Round,2290.0
Super Ideal,G,VS1,2.06,IGI,Emerald,7380.0
Very Good,J,SI2,1.72,IGI,Oval,2620.0
Very Good,F,VS1,1.2,IGI,Oval,2610.0
Ideal,I,VS2,0.57,IGI,Pear,560.0
Ideal,I,SI2,0.93,IGI,Emerald,1000.0
Ideal,F,VVS2,0.74,IGI,Emerald,1215.0
Super Ideal,G,SI1,1.2,IGI,Round,2330.0
Ideal,D,SI2,1.22,IGI,Round,2140.0
Ideal,I,VS1,1.71,IGI,Round,3498.75
Ideal,F,VVS2,1.6,IGI,Round,5542.5
Ideal,G,SI1,0.6,IGI,Pear,595.0
Very Good,G,SI1,1.01,IGI,Cushion,1610.0
Super Ideal,J,SI2,2.63,IGI,Oval,4980.0
Ideal,E,VVS1,0.59,IGI,Pear,910.0
Good,F,VS2,1.58,IGI,Heart,4160.0
Very Good,H,SI1,1.51,IGI,Round,2890.0
Super Ideal,F,VS1,1.01,IGI,Pear,2210.0
Very Good,E,VS1,0.55,IGI,Oval,710.0
Ideal,H,VVS2,0.31,IGI,Pear,310.0
Ideal,E,VS2,1.53,GCAL,Princess,4190.0
Good,H,VVS2,0.31,IGI,Pear,310.0
Ideal,D,VVS2,1.32,IGI,Pear,4820.0
Ideal,G,VVS2,1.52,GCAL,Round,4410.0
Super Ideal,G,SI2,0.36,IGI,Round,370.0
Very Good,G,SI2,2.01,IGI,Pear,6090.0
Ideal,F,VS2,1.21,IGI,Round,2468.0
Very Good,F,SI1,0.6,IGI,Cushion,610.0
Very Good,H,SI1,1.5,IGI,Round,2922.5
Very Good,J,VS1,2.05,GCAL,Emerald,4270.0
Good,D,SI2,1.02,IGI,Round,2370.0
Very Good,E,SI1,0.62,IGI,Cushion,650.0
Super Ideal,G,VVS2,0.5,IGI,Princess,590.0
Very Good,G,SI1,1.07,GCAL,Round,1770.0
Super Ideal,H,VVS2,0.42,IGI,Round,470.0
Very Good,I,VVS2,0.73,IGI,Oval,930.0
Ideal,I,VS1,1.62,IGI,Round,3121.25
Super Ideal,H,VS2,1.53,IGI,Round,3577.5
Super Ideal,F,VVS1,0.36,IGI,Round,440.0
Good,F,VS2,0.54,IGI,Cushion,600.0
Ideal,G,SI1,2.7,IGI,Cushion,8800.0
Very Good,D,VS2,0.49,IGI,Round,940.0
Super Ideal,E,VS1,3.15,IGI,Emerald,17440.0
Ideal,I,VVS1,0.81,IGI,Princess,1080.0
Ideal,G,VS2,1.13,GCAL,Emerald,2050.0
Good,E,SI1,0.54,IGI,Radiant,550.0
Ideal,G,VS1,1.41,IGI,Marquise,3210.0
Super Ideal,G,VS1,2.56,IGI,Round,10020.0
Ideal,F,VS2,0.57,IGI,Pear,640.0
Ideal,J,SI1,1.63,IGI,Oval,2440.0
Ideal,E,SI1,0.53,IGI,Round,640.0
Very Good,H,VS1,2.04,IGI,Round,6260.0
Ideal,G,VS1,1.58,IGI,Pear,4180.0
Super Ideal,F,VVS1,0.47,IGI,Pear,500.0
Super Ideal,E,VS1,1.51,IGI,Emerald,4780.0
Ideal,E,VS1,1.03,IGI,Emerald,2380.0
Very Good,F,VS2,1.0,IGI,Emerald,1935.0
Very Good,F,VS2,3.02,IGI,Cushion,13500.0
Ideal,E,SI1,3.01,IGI,Cushion,10950.0
Super Ideal,G,VVS2,1.01,GCAL,Round,2410.0
Super Ideal,J,SI1,1.24,IGI,Round,1782.5
Very Good,G,SI1,0.33,IGI,Cushion,320.0
Super Ideal,J,VS1,1.17,IGI,Round,1786.67
Ideal,G,VS1,0.71,GCAL,Round,1010.0
Ideal,E,VS1,2.61,IGI,Cushion,11930.0
Super Ideal,I,VS2,1.04,GCAL,Round,1610.0
Super Ideal,G,VS1,1.51,IGI,Pear,4350.0
Ideal,D,VS1,1.01,GCAL,Round,2650.0
Ideal,G,VVS1,1.62,IGI,Round,5530.0
Super Ideal,F,SI1,0.47,IGI,Pear,460.0
Super Ideal,I,VS1,1.51,IGI,Oval,3070.0
Ideal,G,VS1,1.04,IGI,Princess,2130.0
Ideal,F,VVS2,1.0,IGI,Emerald,2320.0
Ideal,J,VS2,2.08,GCAL,Round,4660.0
Ideal,J,SI2,2.5,IGI,Round,4323.33
Very Good,F,VS2,0.71,IGI,Oval,1157.5
Ideal,J,VS2,1.52,IGI,Round,2596.67
Super Ideal,D,SI1,1.0,IGI,Round,1943.75
Ideal,D,SI1,0.74,IGI,Pear,1170.0
Very Good,G,VS2,0.82,GCAL,Pear,1140.0
Very Good,E,SI1,1.01,IGI,Asscher,1723.08
Super Ideal,H,SI1,1.51,IGI,Oval,3370.0
Very Good,E,SI1,1.01,IGI,Radiant,1720.0
Very Good,F,VS1,3.07,IGI,Emerald,15680.0
Ideal,F,VS1,0.38,IGI,Pear,390.0
Super Ideal,E,VS1,0.37,IGI,Round,430.0
Very Good,H,VS2,0.79,IGI,Pear,1050.0
Super Ideal,J,SI2,2.15,IGI,Oval,3930.0
Super Ideal,I,SI2,1.79,IGI,Round,2830.0
Very Good,E,VS1,0.47,IGI,Radiant,490.0
Very Good,D,VS2,0.5,IGI,Round,736.0
Ideal,H,SI2,0.73,IGI,Princess,800.0
Ideal,E,VS1,3.17,GCAL,Cushion,17610.0
Very Good,E,VS1,1.02,IGI,Heart,2340.0
Ideal,H,VS2,0.51,IGI,Round,606.67
Ideal,H,SI1,0.36,IGI,Pear,340.0
Very Good,G,VVS2,0.33,IGI,Oval,340.0
Super Ideal,G,VS1,0.61,IGI,Princess,730.0
Ideal,F,SI2,1.16,IGI,Round,1750.0
Very Good,F,VS1,1.97,IGI,Oval,6500.0
Ideal,F,VVS2,1.1,IGI,Pear,2560.0
Ideal,F,VS2,1.71,IGI,Oval,4990.0
Ideal,E,SI1,0.41,IGI,Round,458.0
Ideal,G,VVS2,0.57,IGI,Round,860.0
Ideal,E,VS1,0.82,IGI,Radiant,1380.0
Very Good,E,VS1,2.27,GCAL,Emerald,8900.0
Ideal,E,SI2,0.9,IGI,Emerald,1215.0
Good,I,VS1,1.0,GCAL,Round,1560.0
Ideal,H,VS2,1.21,GCAL,Princess,1970.0
Super Ideal,G,VVS2,0.54,IGI,Pear,630.0
Ideal,H,SI1,0.64,IGI,Pear,630.0
Ideal,I,VS2,0.51,IGI,Pear,498.75
Ideal,E,VS2,0.7,IGI,Cushion,1095.0
Good,D,VS1,0.53,IGI,Marquise,790.0
Very Good,E,VS2,2.06,GCAL,Oval,7470.0
Very Good,F,VS2,2.71,GCAL,Asscher,10990.0
Very Good,G,VS2,2.01,IGI,Round,7240.0
Super Ideal,I,VS1,1.57,IGI,Round,3290.0
Ideal,I,VVS2,0.89,IGI,Round,1200.0
Ideal,H,VS2,1.01,IGI,Marquise,1600.0
Ideal,J,VS2,2.15,IGI,Oval,4330.0
Very Good,F,VS1,0.64,IGI,Asscher,770.0
Ideal,E,SI1,0.52,GCAL,Oval,570.0
Super Ideal,F,VVS1,1.66,IGI,Princess,5610.0
Ideal,G,VS2,2.0,IGI,Emerald,6010.0
Ideal,I,VS1,0.5,IGI,Round,540.0
Very Good,F,VVS2,0.42,IGI,Round,520.0
Ideal,H,SI2,1.7,IGI,Oval,3150.0
Super Ideal,I,VS1,1.55,IGI,Round,3120.0
Super Ideal,F,VVS2,0.78,IGI,Round,1350.0
Ideal,E,VS2,2.04,GCAL,Emerald,7980.0
Ideal,D,VVS2,0.35,GCAL,Marquise,540.0
Ideal,D,VVS1,2.04,GCAL,Cushion,12060.0
Good,E,VS2,0.66,IGI,Marquise,790.0
Good,G,VS2,0.57,IGI,Oval,610.0
Good,E,VS1,0.63,IGI,Cushion,810.0
Super Ideal,G,VS1,0.65,IGI,Princess,740.0
Super Ideal,G,VVS2,1.55,IGI,Round,4490.0
Ideal,I,VVS1,1.15,IGI,Oval,1920.0
Super Ideal,J,SI1,2.08,IGI,Round,4400.0
Ideal,G,VS1,0.73,IGI,Radiant,1100.0
Super Ideal,H,VVS2,0.83,IGI,Round,1800.0
Super Ideal,D,VVS2,1.24,IGI,Round,3690.0
Ideal,E,VS2,0.3,IGI,Pear,310.0
Ideal,I,VS2,2.01,IGI,Heart,4270.0
Ideal,G,VS1,2.06,IGI,Princess,6440.0
Super Ideal,J,VVS2,2.18,IGI,Round,4560.0
Super Ideal,E,VS1,0.42,IGI,Oval,440.0
Ideal,F,VS1,1.62,IGI,Cushion,4680.0
Super Ideal,H,VS2,1.02,IGI,Round,1920.0
Super Ideal,I,SI1,1.53,IGI,Pear,2740.0
Very Good,F,VS1,1.72,IGI,Oval,5410.0
Ideal,G,VS2,2.04,IGI,Princess,6150.0
Super Ideal,F,SI1,1.66,IGI,Round,3615.0
Super Ideal,E,VS2,1.1,IGI,Oval,2350.0
Very Good,G,VVS1,2.0,IGI,Round,8800.0
Very Good,F,VS1,0.42,IGI,Oval,430.0
Ideal,H,VVS2,1.69,IGI,Oval,5360.0
Ideal,J,VS1,1.81,IGI,Oval,3170.0
Ideal,D,VS1,0.65,GCAL,Pear,1000.0
Ideal,G,VS2,2.35,IGI,Round,7900.0
Ideal,H,VS1,3.06,IGI,Princess,13390.0
Ideal,G,VS2,2.21,IGI,Princess,7140.0
Good,E,VS2,0.4,IGI,Marquise,430.0
Super Ideal,J,VS2,1.02,IGI,Emerald,1160.0
Ideal,G,VS2,0.58,GCAL,Round,670.0
Ideal,G,SI1,0.51,IGI,Round,550.0
Ideal,I,SI2,2.09,IGI,Oval,3950.0
Super Ideal,F,VS2,1.1,IGI,Round,2250.0
Super Ideal,J,SI1,2.02,IGI,Oval,3970.0
Super Ideal,D,VVS2,2.25,IGI,Round,13010.0
Very Good,E,SI1,0.46,IGI,Oval,470.0
Ideal,E,VS1,2.3,GCAL,Emerald,9530.0
Ideal,F,VS1,3.01,IGI,Round,18890.0
Ideal,H,VS1,0.59,IGI,Princess,620.0
Ideal,E,VS1,0.61,GCAL,Round,800.0
Ideal,D,SI2,0.73,IGI,Round,960.0
Ideal,F,VS1,2.63,GCAL,Asscher,10420.0
Ideal,I,VVS2,1.4,IGI,Round,2580.0
Ideal,I,VS1,1.61,IGI,Pear,3030.0
Ideal,H,VS1,1.51,IGI,Emerald,4100.0
Super Ideal,J,VS2,1.92,GCAL,Round,3250.0
Super Ideal,G,VS1,1.19,IGI,Round,2676.67
Ideal,G,VS1,0.57,IGI,Round,733.33
Ideal,F,VVS2,1.23,IGI,Round,3230.0
Ideal,I,VS2,1.4,IGI,Round,2363.33
Ideal,I,SI1,2.08,IGI,Oval,4575.0
Ideal,I,VS1,2.03,IGI,Emerald,5250.0
Super Ideal,E,SI2,1.5,IGI,Round,3230.0
Ideal,F,VS2,2.08,GCAL,Cushion,6590.0
Very Good,G,VS1,1.5,GCAL,Heart,3970.0
Ideal,J,VS2,2.28,IGI,Oval,4590.0
Super Ideal,H,VS1,2.13,IGI,Pear,5750.0
Super Ideal,F,VVS2,1.69,IGI,Round,5850.0
Very Good,D,VS2,0.51,IGI,Cushion,710.0
Super Ideal,I,VS2,1.07,IGI,Emerald,1490.0
Ideal,G,SI1,2.25,IGI,Cushion,6800.0
Ideal,G,VVS2,1.39,IGI,Round,3450.0
Super Ideal,H,VVS2,1.31,IGI,Round,2815.0
Very Good,J,VS2,1.89,IGI,Oval,3180.0
Ideal,H,SI1,1.51,GCAL,Princess,2860.0
Very Good,I,VS2,0.7,IGI,Pear,710.0
Very Good,E,VVS2,0.63,IGI,Oval,840.0
Ideal,H,SI1,2.14,IGI,Oval,5020.0
Very Good,F,VS1,0.37,IGI,Oval,380.0
Ideal,H,SI1,0.76,IGI,Pear,943.33
Super Ideal,I,SI2,2.2,IGI,Oval,5000.0
Ideal,J,VS1,4.01,IGI,Princess,19480.0
Good,D,VS1,0.35,IGI,Pear,370.0
Super Ideal,G,VS1,1.54,IGI,Round,3997.14
Ideal,I,VS2,1.69,IGI,Round,3030.0
Very Good,E,VS2,2.78,GCAL,Emerald,12080.0
Good,E,VVS2,1.7,IGI,Oval,6410.0
Very Good,F,VVS2,1.61,IGI,Cushion,5010.0
Ideal,H,VS2,0.58,IGI,Marquise,580.0
Super Ideal,I,VVS2,2.02,IGI,Round,5380.0
Very Good,J,VS1,0.77,IGI,Emerald,760.0
Super Ideal,F,SI1,1.01,IGI,Emerald,1680.0
Ideal,G,SI2,2.0,IGI,Round,4505.0
Ideal,J,SI2,2.34,IGI,Round,3870.0
Super Ideal,D,VVS2,0.54,IGI,Oval,880.0
Super Ideal,H,VVS1,0.74,IGI,Princess,1180.0
Very Good,D,VVS1,0.43,IGI,Round,640.0
Good,I,VS1,0.39,IGI,Radiant,370.0
Ideal,J,VS1,2.81,GCAL,Cushion,6530.0
Super Ideal,I,VVS1,1.05,IGI,Round,1970.0
Super Ideal,J,VS2,2.08,IGI,Oval,4245.0
Super Ideal,G,VS2,1.53,IGI,Cushion,4530.0
Very Good,J,VS2,1.0,IGI,Princess,1150.0
Super Ideal,D,VS1,0.92,IGI,Princess,2110.0
Super Ideal,D,VS2,0.51,IGI,Pear,710.0
Very Good,H,VS1,0.46,IGI,Marquise,460.0
Ideal,J,VS2,1.06,IGI,Princess,1560.0
Super Ideal,H,SI2,1.01,IGI,Round,1290.0
Very Good,D,SI1,0.58,IGI,Round,780.0
Ideal,G,VS1,2.04,GCAL,Cushion,6510.0
Super Ideal,H,SI2,1.7,IGI,Round,3025.0
Very Good,E,VS2,1.51,IGI,Radiant,4400.0
Super Ideal,F,VS2,1.03,GCAL,Radiant,2020.0
Super Ideal,G,VS1,1.31,IGI,Oval,2920.0
Ideal,J,VS1,1.37,IGI,Round,1950.0
Super Ideal,I,SI1,1.02,IGI,Pear,1310.0
Ideal,I,SI2,1.72,IGI,Round,2810.0
Super Ideal,D,VVS2,2.04,GCAL,Round,11570.0
Ideal,F,SI2,2.0,GCAL,Marquise,6100.0
Super Ideal,J,VS2,2.35,GCAL,Round,4660.0
Ideal,H,VS2,2.53,IGI,Pear,6840.0
Ideal,G,SI1,0.81,IGI,Princess,1160.0
Ideal,H,SI2,1.05,IGI,Round,1540.0
Very Good,G,VVS1,0.31,IGI,Oval,320.0
Ideal,H,VVS2,1.25,IGI,Round,2496.67
Very Good,G,VS2,1.63,GCAL,Oval,4275.0
Super Ideal,I,SI1,1.6,GCAL,Round,2770.0
Ideal,G,VS1,1.01,IGI,Pear,2064.29
Ideal,J,VS1,2.19,IGI,Oval,4550.0
Very Good,G,SI1,0.38,IGI,Pear,360.0
Super Ideal,F,SI1,0.35,IGI,Round,382.5
Ideal,I,SI1,0.52,IGI,Pear,500.0
Very Good,J,VS2,2.02,GCAL,Round,3610.0
Ideal,E,VS1,1.18,GCAL,Princess,2720.0
Ideal,E,SI1,0.71,IGI,Oval,982.86
Very Good,G,SI2,0.7,IGI,Radiant,770.0
Ideal,G,VS2,2.02,IGI,Oval,6260.0
Very Good,D,VS2,0.7,IGI,Heart,1240.0
Ideal,F,VS1,1.18,GCAL,Round,2870.0
Ideal,G,SI1,1.5,GCAL,Cushion,6110.0
Very Good,H,VS1,0.73,IGI,Oval,960.0
Ideal,G,VVS2,0.83,IGI,Pear,1280.0
Ideal,F,VS1,1.2,IGI,Princess,2600.0
Ideal,G,VS1,1.11,GCAL,Round,2336.67
Ideal,I,VS1,1.56,IGI,Round,2995.0
Very Good,D,VS2,0.71,GCAL,Cushion,1250.0
Very Good,F,VS2,0.57,IGI,Pear,630.0
Very Good,E,VVS2,1.98,IGI,Pear,7450.0
Ideal,G,VS2,1.52,IGI,Round,3720.0
Ideal,H,VS2,0.8,IGI,Pear,1020.0
Very Good,H,SI1,1.01,IGI,Round,2270.0
Ideal,H,VVS2,2.51,GCAL,Cushion,7860.0
Super Ideal,F,SI1,2.08,IGI,Round,6540.0
Ideal,F,VVS1,1.5,IGI,Princess,5060.0
Very Good,E,VVS2,1.03,IGI,Cushion,2610.0
Good,E,VS2,0.63,IGI,Emerald,750.0
Ideal,D,IF,1.29,IGI,Pear,6160.0
Super Ideal,G,VS2,1.57,IGI,Round,3985.0
Super Ideal,F,VS1,0.91,IGI,Round,1790.0
Ideal,F,VS2,1.15,IGI,Pear,2280.0
Ideal,D,VVS2,0.75,IGI,Pear,1450.0
Ideal,J,VS1,0.72,IGI,Round,800.0
Super Ideal,F,VS2,3.02,IGI,Round,16680.0
Ideal,H,VS2,1.37,IGI,Round,2590.0
Ideal,E,VS1,1.23,IGI,Round,2870.0
Super Ideal,J,SI1,2.01,IGI,Round,3869.23
Very Good,E,VVS1,0.8,IGI,Pear,1510.0
Very Good,I,SI2,1.17,GCAL,Round,1450.0
Very Good,D,VVS1,2.01,IGI,Cushion,14500.0
Ideal,E,VS2,0.6,IGI,Round,810.0
Very Good,G,VS2,1.0,IGI,Pear,1906.67
Ideal,F,VVS2,0.36,IGI,Round,420.0
Good,E,VVS2,0.61,IGI,Oval,810.0
Very Good,E,VVS2,0.51,IGI,Emerald,680.0
Ideal,H,VS1,2.24,IGI,Round,7710.0
Super Ideal,I,VS1,0.54,IGI,Round,600.0
Super Ideal,D,VS1,0.52,IGI,Pear,770.0
Good,E,VS2,0.51,IGI,Radiant,610.0
Super Ideal,G,VS1,2.07,IGI,Round,7361.25
Very Good,I,VVS2,1.51,IGI,Round,3030.0
Ideal,F,VS1,0.5,IGI,Round,693.33
Very Good,D,VS1,0.53,GCAL,Oval,780.0
Ideal,G,SI2,0.72,IGI,Round,770.0
Ideal,E,SI2,0.9,IGI,Oval,1340.0
Super Ideal,G,VS2,1.29,IGI,Oval,2510.0
Ideal,I,VS1,3.02,IGI,Cushion,8780.0
Ideal,D,VS1,0.7,IGI,Heart,1290.0
Super Ideal,H,SI2,0.7,IGI,Oval,735.0
Very Good,E,VS2,3.01,IGI,Cushion,14340.0
Super Ideal,H,SI2,3.1,IGI,Princess,11990.0
Ideal,H,VS1,1.0,IGI,Oval,1730.0
Ideal,D,VS1,1.52,IGI,Pear,5140.0
Very Good,E,VS1,0.84,GCAL,Pear,1410.0
Super Ideal,I,VS1,2.5,IGI,Oval,6220.0
Very Good,F,SI1,0.7,GCAL,Oval,920.0
Very Good,J,VS2,0.41,IGI,Radiant,380.0
Super Ideal,F,VS1,0.3,GCAL,Round,340.0
Ideal,E,SI1,0.33,IGI,Oval,330.0
Super Ideal,I,VVS2,2.12,IGI,Oval,4850.0
Good,E,VS1,0.62,IGI,Cushion,800.0
Super Ideal,J,VS1,1.03,IGI,Oval,1290.0
Good,D,VS1,0.38,IGI,Oval,400.0
Very Good,E,SI1,0.51,GCAL,Emerald,530.0
Ideal,H,VVS2,1.03,IGI,Round,2050.0
Very Good,G,SI1,2.14,GCAL,Princess,5370.0
Super Ideal,G,VS2,2.2,IGI,Round,7380.0
Super Ideal,H,VVS2,1.78,IGI,Emerald,4640.0
Ideal,D,VS2,0.5,IGI,Pear,700.0
Very Good,G,VS2,0.71,IGI,Emerald,980.0
Very Good,I,VS2,1.5,IGI,Heart,2520.0
Ideal,J,VVS2,2.0,GCAL,Round,4270.0
Ideal,J,SI2,2.01,IGI,Princess,3550.0
Super Ideal,G,VS2,1.91,GCAL,Round,5630.0
Ideal,I,SI2,1.33,IGI,Round,1740.0
Ideal,D,VS1,0.51,IGI,Oval,755.0
Very Good,J,SI1,2.0,GCAL,Round,3400.0
Super Ideal,F,VS2,2.15,IGI,Princess,6830.0
Very Good,D,SI1,0.8,IGI,Oval,1250.0
Super Ideal,I,SI1,1.08,IGI,Round,1822.14
Ideal,H,VS2,1.2,IGI,Round,2186.67
Ideal,F,SI2,0.7,IGI,Round,821.67
Ideal,F,VS1,1.04,GCAL,Round,2420.0
Ideal,H,VS2,1.7,IGI,Cushion,3750.0
Super Ideal,I,VS2,1.83,IGI,Oval,3970.0
Ideal,I,VS2,0.94,IGI,Marquise,1250.0
Good,I,SI1,1.17,IGI,Cushion,1570.0
Super Ideal,I,VS2,1.65,IGI,Oval,3390.0
Super Ideal,F,VS2,0.6,IGI,Round,766.0
Ideal,F,VVS2,2.32,IGI,Round,12010.0
Very Good,D,VS2,1.0,IGI,Round,2315.0
Ideal,I,SI1,0.81,IGI,Round,840.0
Very Good,F,SI1,0.81,IGI,Pear,1080.0
Good,E,VS1,0.81,IGI,Cushion,1350.0
Super Ideal,E,VS1,3.24,IGI,Radiant,19190.0
Very Good,G,VVS2,2.5,IGI,Round,11090.0
Ideal,H,VS2,2.18,GCAL,Round,6720.0
Ideal,D,VVS2,0.62,IGI,Round,1106.67
Super Ideal,I,VS1,1.13,GCAL,Round,1790.0
Ideal,F,SI2,0.72,IGI,Round,880.0
Ideal,G,VVS2,0.91,IGI,Round,1945.0
Super Ideal,I,SI1,0.9,IGI,Princess,1150.0
Ideal,E,VS1,2.15,GCAL,Princess,8440.0
Good,G,VS2,0.73,IGI,Pear,1140.0
Ideal,F,VS2,0.7,GCAL,Round,1010.0
Ideal,G,VS2,2.05,IGI,Emerald,7870.0
Very Good,D,VS2,0.7,IGI,Pear,1260.0
Super Ideal,D,VVS1,0.33,IGI,Round,480.0
Super Ideal,F,VVS2,1.1,IGI,Round,2877.5
Ideal,H,VS2,2.71,IGI,Princess,8060.0
Ideal,E,VS2,3.04,GCAL,Emerald,14640.0
Ideal,G,VS2,2.67,IGI,Oval,8860.0
Super Ideal,I,SI1,1.03,IGI,Oval,1320.0
Very Good,G,VS2,0.4,IGI,Pear,400.0
Ideal,G,VS2,2.06,IGI,Round,6225.0
Ideal,E,VVS2,2.5,IGI,Oval,12410.0
Super Ideal,H,VS1,1.51,IGI,Round,4002.5
Super Ideal,D,VS1,0.47,IGI,Round,560.0
Ideal,H,VS2,2.02,GCAL,Emerald,6040.0
Ideal,E,VS1,1.03,GCAL,Oval,2390.0
Ideal,J,VVS2,1.77,IGI,Round,3200.0
Very Good,F,SI2,1.21,IGI,Asscher,1700.0
Ideal,J,SI2,2.04,IGI,Cushion,3330.0
Ideal,G,VS2,2.05,GCAL,Emerald,7870.0
Super Ideal,J,SI1,1.22,IGI,Round,1552.0
Very Good,E,VS1,1.02,IGI,Asscher,2315.0
Very Good,I,SI2,1.5,IGI,Pear,2370.0
Super Ideal,J,VS1,0.56,IGI,Round,590.0
Ideal,G,VS1,1.51,IGI,Radiant,3990.0
Super Ideal,D,VVS2,1.09,IGI,Oval,3260.0
Super Ideal,G,VVS2,2.09,IGI,Heart,7770.0
Super Ideal,G,VVS1,0.9,IGI,Round,2090.0
Ideal,H,VS1,0.55,IGI,Marquise,590.0
Ideal,H,VS2,1.55,IGI,Round,3250.0
Super Ideal,G,VS1,1.27,IGI,Marquise,2600.0
Very Good,D,VS1,0.71,IGI,Pear,1310.0
Very Good,E,VS1,3.08,IGI,Cushion,17050.0
Ideal,H,VVS2,2.08,IGI,Round,7270.0
Super Ideal,J,VVS1,0.76,IGI,Round,910.0
Super Ideal,F,VS1,0.79,IGI,Round,1256.84
Ideal,D,SI1,1.63,IGI,Round,4410.0
Super Ideal,J,VVS1,1.18,IGI,Round,1870.0
Super Ideal,I,SI2,1.7,IGI,Round,2650.0
Super Ideal,J,VVS2,1.7,IGI,Round,3120.0
Ideal,F,VVS2,0.6,IGI,Marquise,790.0
Very Good,F,VVS2,3.0,IGI,Princess,16590.0
Super Ideal,H,VS2,2.02,IGI,Oval,5430.0
Good,F,SI1,0.55,IGI,Emerald,550.0
Super Ideal,E,VS1,1.5,IGI,Oval,4878.57
Super Ideal,G,VS2,2.12,GCAL,Round,6300.0
Good,E,VS2,0.7,IGI,Oval,1085.0
Ideal,H,SI1,3.02,IGI,Emerald,13510.0
Super Ideal,G,VS2,0.74,IGI,Round,990.0
Ideal,I,VS2,1.0,IGI,Round,1740.0
Super Ideal,G,VS2,1.14,IGI,Round,2530.0
Ideal,I,SI1,2.05,IGI,Heart,4030.0
Super Ideal,E,VS2,2.01,IGI,Pear,8440.0
Super Ideal,F,VS2,1.19,IGI,Round,2730.0
Ideal,E,VVS2,0.41,IGI,Round,530.0
Good,E,VS2,1.73,IGI,Cushion,5160.0
Super Ideal,G,VS2,0.58,IGI,Pear,590.0
Ideal,D,VS1,0.51,IGI,Round,796.0
Super Ideal,J,VVS2,1.34,IGI,Round,2200.0
Ideal,E,VS1,0.7,IGI,Pear,1170.0
Very Good,E,SI1,1.54,IGI,Radiant,3730.0
Super Ideal,E,VVS2,1.16,IGI,Round,3295.0
Ideal,D,VS1,0.92,IGI,Emerald,1840.0
Super Ideal,F,SI2,0.34,IGI,Round,360.0
Ideal,H,VS1,1.22,IGI,Round,2554.0
Ideal,F,VS2,1.68,IGI,Round,4530.0
Ideal,E,SI1,2.1,IGI,Emerald,6140.0
Very Good,I,VS2,2.08,GCAL,Emerald,5220.0
Very Good,I,VS2,0.51,IGI,Pear,496.67
Ideal,E,VS1,1.81,GCAL,Princess,6130.0
Very Good,F,VS2,0.39,GCAL,Pear,390.0
Ideal,E,SI1,0.7,GCAL,Oval,980.0
Very Good,D,SI1,0.39,IGI,Pear,400.0
Very Good,E,VS1,2.81,GCAL,Asscher,13960.0
Super Ideal,H,SI1,0.48,IGI,Oval,450.0
Super Ideal,H,VVS2,1.7,IGI,Round,4470.0
Super Ideal,G,SI1,1.1,IGI,Round,2090.0
Ideal,H,VS1,1.6,IGI,Princess,3700.0
Ideal,G,VS2,1.57,GCAL,Cushion,3940.0
Super Ideal,G,VS2,3.0,IGI,Round,15010.0
Super Ideal,D,VVS2,0.44,IGI,Oval,480.0
Super Ideal,F,VS2,1.52,IGI,Round,4156.25
Very Good,H,VVS2,0.8,IGI,Pear,1090.0
Ideal,I,SI1,0.95,GCAL,Round,1260.0
Very Good,E,VS1,0.45,IGI,Pear,470.0
Ideal,I,SI1,1.15,IGI,Round,1868.75
Super Ideal,J,VS1,3.08,IGI,Princess,9460.0
Very Good,E,VS2,1.11,IGI,Oval,2400.0
Very Good,E,VS2,0.71,IGI,Cushion,1100.0
Very Good,F,VS2,0.38,GCAL,Round,550.0
Very Good,G,SI1,0.94,IGI,Pear,1500.0
Very Good,G,VS1,2.24,IGI,Pear,7770.0
Ideal,D,SI1,0.56,GCAL,Round,710.0
Ideal,J,VS1,2.03,GCAL,Round,3980.0
Very Good,E,SI2,1.8,IGI,Round,3770.0
Ideal,J,SI2,1.32,IGI,Round,1670.0
Super Ideal,I,VS2,0.53,IGI,Pear,510.0
Ideal,H,VS2,2.08,GCAL,Princess,5360.0
Very Good,E,VS1,1.27,GCAL,Oval,2950.0
Very Good,E,VS2,1.02,IGI,Cushion,2170.0
Super Ideal,D,VS2,1.1,IGI,Round,2511.67
Super Ideal,G,VS2,1.43,IGI,Pear,3160.0
Ideal,E,SI2,1.33,IGI,Round,2320.0
Ideal,J,VVS2,0.91,IGI,Pear,1110.0
Super Ideal,D,VS1,0.51,IGI,Oval,760.0
Ideal,G,VS2,0.91,GCAL,Pear,1510.0
Super Ideal,J,SI1,1.8,IGI,Oval,2930.0
Very Good,J,VS2,1.37,IGI,Emerald,1940.0
Very Good,F,VS1,2.51,GCAL,Cushion,10480.0
Super Ideal,G,VS2,3.29,GCAL,Asscher,15600.0
Very Good,J,SI1,1.32,IGI,Round,1900.0
Very Good,H,VS2,0.56,GCAL,Oval,560.0
Ideal,I,VS2,1.69,IGI,Pear,3510.0
Very Good,F,VS1,0.51,IGI,Oval,620.0
Ideal,D,SI1,0.92,IGI,Emerald,1520.0
Ideal,I,VVS1,1.13,IGI,Round,2100.0
Very Good,I,SI1,0.74,IGI,Pear,810.0
Very Good,E,VVS2,0.82,IGI,Pear,1630.0
Very Good,E,VVS2,1.16,GCAL,Princess,2990.0
Super Ideal,D,VVS2,2.59,IGI,Emerald,14390.0
Very Good,D,VS2,0.53,IGI,Pear,755.0
Very Good,H,SI2,0.65,IGI,Round,680.0
Super Ideal,I,VVS2,1.7,IGI,Round,3640.0
Very Good,F,VS1,1.2,GCAL,Round,2810.0
Ideal,F,VVS2,1.54,IGI,Round,5340.0
Ideal,F,VVS2,1.3,IGI,Princess,3750.0
Very Good,D,VS1,0.31,IGI,Round,370.0
Super Ideal,G,VVS1,0.93,IGI,Princess,1980.0
Ideal,E,VS2,4.01,IGI,Emerald,19910.0
Super Ideal,H,VS1,0.53,IGI,Round,680.0
Ideal,D,VS1,0.5,IGI,Oval,743.33
Ideal,G,SI2,1.02,IGI,Round,1455.0
Super Ideal,E,VS2,0.68,IGI,Round,850.0
Ideal,G,VVS1,1.3,IGI,Round,3770.0
Ideal,G,VS2,2.05,IGI,Oval,7040.0
Super Ideal,J,VS2,0.81,IGI,Round,860.0
Ideal,F,VS1,1.7,IGI,Princess,5235.0
Super Ideal,H,SI2,2.0,IGI,Oval,4916.67
Ideal,F,VS2,0.32,IGI,Oval,320.0
Very Good,H,VS2,1.03,GCAL,Pear,2000.0
Ideal,E,VS2,2.05,IGI,Asscher,7010.0
Ideal,I,VS2,1.08,GCAL,Oval,1870.0
Super Ideal,E,VS1,0.4,IGI,Oval,420.0
Ideal,E,VVS1,2.09,GCAL,Oval,9840.0
Super Ideal,F,SI1,0.8,IGI,Oval,1065.0
Ideal,J,VS1,0.91,GCAL,Pear,1030.0
Very Good,E,VS2,2.01,GCAL,Cushion,7490.0
Very Good,H,VS1,0.32,GCAL,Pear,310.0
Super Ideal,G,VS2,1.57,GCAL,Round,3783.33
Super Ideal,G,VS2,0.56,IGI,Oval,570.0
Ideal,D,VS1,2.1,IGI,Emerald,9020.0
Very Good,E,VVS2,0.71,IGI,Pear,1226.67
Ideal,E,SI2,0.74,GCAL,Emerald,880.0
Super Ideal,I,SI1,1.3,IGI,Round,2140.0
Super Ideal,G,SI1,1.75,IGI,Princess,3890.0
Very Good,D,VS2,0.62,IGI,Round,890.0
Very Good,J,SI1,1.23,GCAL,Round,1650.0
Super Ideal,G,VS1,1.06,GCAL,Round,2390.0
Good,G,SI2,0.35,IGI,Pear,330.0
Very Good,F,VVS2,3.04,IGI,Princess,18040.0
Very Good,E,VS2,0.53,IGI,Round,650.0
Ideal,E,VVS2,0.5,IGI,Marquise,680.0
Ideal,J,VS2,1.53,IGI,Round,2330.0
Super Ideal,G,VVS2,1.16,IGI,Round,2775.0
Very Good,E,SI1,0.55,IGI,Round,930.0
Ideal,F,VVS2,3.1,IGI,Oval,17460.0
Ideal,F,VS2,1.03,IGI,Round,2000.0
Super Ideal,F,SI1,1.11,GCAL,Round,2080.0
Ideal,E,VS2,0.64,GCAL,Marquise,790.0
Very Good,G,VS2,0.44,GCAL,Pear,430.0
Ideal,E,VVS2,3.07,IGI,Radiant,19010.0
Ideal,F,VS1,0.54,IGI,Round,755.0
Ideal,E,SI2,1.2,IGI,Round,2080.0
Very Good,F,VVS1,0.56,IGI,Emerald,760.0
Ideal,H,SI1,2.07,IGI,Princess,4540.0
Ideal,F,VS2,2.34,GCAL,Emerald,8100.0
Ideal,I,VS2,0.66,IGI,Pear,640.0
Ideal,I,SI1,1.51,IGI,Cushion,2620.0
Very Good,H,VS2,0.83,GCAL,Pear,1040.0
Super Ideal,E,VS1,2.05,IGI,Princess,8000.0
Super Ideal,J,SI1,2.54,IGI,Oval,5170.0
Super Ideal,E,VVS2,0.59,IGI,Oval,790.0
Super Ideal,F,SI1,1.65,IGI,Round,3585.0
Very Good,G,VS2,0.83,IGI,Princess,1260.0
Super Ideal,F,SI1,0.32,IGI,Round,350.0
Super Ideal,G,SI2,3.0,IGI,Round,8640.0
Super Ideal,E,VVS2,1.1,IGI,Oval,2800.0
Ideal,G,VS2,2.38,IGI,Round,8030.0
Good,E,VVS2,0.7,IGI,Pear,1210.0
Very Good,F,VS1,1.5,GCAL,Oval,4420.0
Ideal,D,SI1,1.11,IGI,Round,2320.0
Super Ideal,G,VS2,0.72,IGI,Princess,1060.0
Ideal,J,VS2,1.52,IGI,Emerald,2120.0
Ideal,E,VS2,1.09,IGI,Round,2620.0
Super Ideal,G,SI2,0.53,IGI,Round,560.0
Ideal,F,SI1,0.53,IGI,Round,600.0
Very Good,E,VVS2,0.54,IGI,Round,880.0
Ideal,E,SI2,0.74,IGI,Round,930.0
Ideal,J,VS2,2.26,IGI,Round,4200.0
Very Good,F,VS2,2.1,GCAL,Cushion,7150.0
Super Ideal,J,VS1,1.23,IGI,Round,1796.0
Super Ideal,G,VS1,0.3,IGI,Round,332.5
Ideal,I,VS2,1.14,IGI,Oval,1810.0
Super Ideal,F,VS1,2.25,IGI,Round,8980.0
Ideal,F,VVS2,0.7,IGI,Pear,1152.5
Very Good,F,VVS2,0.39,IGI,Pear,403.33
Ideal,E,VS2,2.01,IGI,Oval,8800.0
Super Ideal,E,VVS1,1.03,IGI,Pear,3100.0
Super Ideal,G,VS2,0.7,IGI,Oval,1040.0
Ideal,E,VVS2,2.02,IGI,Round,11273.33
Super Ideal,D,VS1,0.48,IGI,Oval,520.0
Super Ideal,J,SI1,1.82,IGI,Oval,3110.0
Ideal,J,SI2,2.07,GCAL,Emerald,3980.0
Very Good,I,SI1,0.52,IGI,Emerald,495.0
Super Ideal,E,SI2,0.9,IGI,Emerald,1210.0
Ideal,H,VS1,1.3,IGI,Round,2630.0
Very Good,E,VS1,2.5,GCAL,Cushion,11430.0
Super Ideal,E,SI2,0.77,IGI,Round,1000.0
Ideal,F,VS1,0.5,GCAL,Oval,610.0
Very Good,F,SI1,1.01,IGI,Cushion,1674.29
Very Good,D,VS2,0.47,IGI,Cushion,490.0
Ideal,F,SI1,0.89,IGI,Pear,1250.0
Super Ideal,F,VVS2,1.06,IGI,Oval,2420.0
Super Ideal,F,VS1,2.14,IGI,Princess,7320.0
Very Good,I,VS2,3.08,GCAL,Princess,11190.0
Super Ideal,D,VS2,0.51,IGI,Oval,708.0
Super Ideal,H,VS1,1.13,GCAL,Round,2320.0
Very Good,E,VS2,1.03,IGI,Oval,2233.33
Very Good,D,VVS1,0.56,IGI,Round,1120.0
Ideal,I,VS2,2.34,IGI,Oval,5290.0
Very Good,J,VS1,0.7,IGI,Emerald,705.0
Super Ideal,G,VS1,1.64,IGI,Round,4260.0
Super Ideal,H,SI2,2.38,IGI,Round,5240.0
Super Ideal,I,SI1,2.01,IGI,Round,4532.5
Good,G,VS2,0.3,IGI,Pear,300.0
Ideal,I,VS2,2.08,GCAL,Princess,3970.0
Super Ideal,J,VS2,1.52,IGI,Marquise,2460.0
Ideal,J,SI1,1.02,IGI,Round,1415.0
Ideal,H,VS2,1.71,GCAL,Cushion,3770.0
Super Ideal,G,VVS1,1.0,IGI,Round,2660.0
Ideal,F,VS1,0.9,IGI,Emerald,1460.0
Ideal,G,SI1,1.54,IGI,Round,3203.33
Ideal,D,VVS2,1.68,GCAL,Pear,7660.0
Very Good,G,VS2,2.05,IGI,Oval,6510.0
Ideal,F,VS1,0.54,GCAL,Pear,650.0
Very Good,D,VVS2,0.73,IGI,Oval,1410.0
Ideal,G,VS1,0.63,IGI,Pear,710.0
Ideal,I,SI1,0.92,IGI,Round,1353.33
Ideal,F,VS1,0.64,IGI,Round,870.0
Super Ideal,F,VS1,1.55,IGI,Round,4680.0
Very Good,G,VVS2,2.82,IGI,Round,15230.0
Ideal,G,SI2,0.74,IGI,Round,920.0
Super Ideal,D,VS2,0.37,IGI,Round,430.56
Super Ideal,G,SI1,0.8,IGI,Princess,1150.0
Ideal,G,VS2,0.71,IGI,Pear,1073.33
Ideal,I,VS2,2.36,IGI,Round,5790.0
Ideal,J,VS2,2.0,IGI,Radiant,3600.0
Super Ideal,G,VS2,1.04,IGI,Heart,2050.0
Super Ideal,F,SI1,1.32,IGI,Round,2480.0
Super Ideal,E,VS1,2.8,IGI,Round,18480.0
Ideal,G,VS2,0.61,GCAL,Pear,620.0
Ideal,I,VS2,1.22,IGI,Oval,1770.0
Super Ideal,E,SI2,1.2,IGI,Cushion,1740.0
Very Good,H,VS2,0.62,IGI,Oval,620.0
Very Good,F,VVS1,0.8,IGI,Oval,1450.0
Super Ideal,F,VS2,1.62,IGI,Round,4340.0
Super Ideal,E,VS1,1.79,IGI,Round,6470.0
Super Ideal,H,VS1,2.25,IGI,Pear,8410.0
Good,G,VS1,2.01,IGI,Oval,7070.0
Super Ideal,G,VVS2,0.51,IGI,Round,700.0
Ideal,I,VS1,2.11,IGI,Oval,4920.0
Very Good,D,SI1,0.38,IGI,Oval,390.0
Super Ideal,G,VS2,1.02,IGI,Round,1960.0
Super Ideal,J,VVS2,1.53,IGI,Oval,2470.0
Ideal,H,VS2,1.3,GCAL,Princess,2430.0
Ideal,G,VS2,1.06,GCAL,Round,2200.0
Ideal,E,VS1,1.21,IGI,Round,2982.0
Super Ideal,H,VS1,1.76,IGI,Oval,4380.0
Very Good,F,VS1,0.7,IGI,Emerald,1110.0
Ideal,I,VVS2,0.43,IGI,Oval,420.0
Ideal,D,VVS2,2.53,IGI,Oval,14360.0
Super Ideal,E,SI2,0.54,IGI,Round,590.0
Ideal,I,VS1,0.8,IGI,Round,1000.0
Ideal,F,VS1,2.32,GCAL,Emerald,9830.0
Ideal,F,SI2,1.51,IGI,Emerald,2730.0
Super Ideal,H,SI2,0.59,IGI,Round,610.0
Very Good,G,VS2,0.91,IGI,Oval,1440.0
Super Ideal,J,VS1,1.73,IGI,Round,3053.33
Super Ideal,E,SI1,2.22,IGI,Oval,8330.0
Ideal,H,VVS1,0.85,IGI,Princess,1400.0
Ideal,G,SI1,3.02,IGI,Emerald,10070.0
Ideal,J,SI2,1.23,GCAL,Round,1540.0
Ideal,I,VS2,1.76,IGI,Round,3290.0
Very Good,E,SI2,1.07,GCAL,Emerald,1720.0
Super Ideal,F,VS2,0.72,IGI,Oval,1080.0
Super Ideal,G,VS1,2.0,IGI,Round,7253.75
Super Ideal,D,VVS2,0.31,IGI,Pear,340.0
Ideal,F,VS2,3.46,GCAL,Pear,16830.0
Very Good,D,VS2,0.9,GCAL,Oval,1600.0
Ideal,E,SI2,1.01,IGI,Round,1625.0
Very Good,H,VS1,1.22,GCAL,Radiant,2330.0
Super Ideal,G,VS1,2.01,IGI,Princess,6625.0
Very Good,F,VS2,2.03,IGI,Pear,7100.0
Super Ideal,G,SI1,2.04,IGI,Oval,6330.0
Ideal,H,SI1,0.99,IGI,Round,1550.0
Ideal,J,VS2,1.03,IGI,Oval,1526.67
Super Ideal,E,SI1,1.1,IGI,Round,2006.0
Ideal,H,SI2,1.74,IGI,Oval,3780.0
Super Ideal,J,VS2,2.06,IGI,Oval,4230.0
Super Ideal,F,VVS2,1.28,IGI,Princess,3150.0
Super Ideal,D,VVS2,0.74,IGI,Round,1600.0
Very Good,G,VS2,2.08,IGI,Pear,6280.0
Super Ideal,D,VS2,0.32,GCAL,Round,370.0
Very Good,J,SI2,1.51,IGI,Pear,1970.0
Super Ideal,F,VVS2,2.3,IGI,Radiant,9190.0
Ideal,D,SI2,1.54,IGI,Round,3390.0
Ideal,I,SI1,2.04,IGI,Round,4260.0
Super Ideal,G,VS2,0.67,IGI,Round,730.0
Good,G,SI1,0.4,IGI,Pear,390.0
Very Good,F,VS1,3.09,GCAL,Cushion,15870.0
Good,E,VS2,0.34,IGI,Oval,340.0
Super Ideal,F,VS1,2.52,IGI,Round,11655.0
Ideal,H,SI1,1.65,IGI,Cushion,3710.0
Very Good,D,VS1,0.77,IGI,Oval,1420.0
Ideal,E,VS1,1.12,IGI,Pear,2560.0
Ideal,I,VS2,0.53,IGI,Round,570.0
Ideal,G,VVS1,0.54,IGI,Round,740.0
Super Ideal,G,VS2,2.11,IGI,Round,6806.67
Ideal,D,SI1,0.56,GCAL,Radiant,680.0
Very Good,D,VVS2,0.7,IGI,Pear,1380.0
Good,G,VS2,0.51,IGI,Pear,530.0
Super Ideal,H,VS1,1.8,IGI,Round,5110.0
Ideal,G,VS1,1.66,GCAL,Princess,4400.0
Ideal,G,SI1,0.96,IGI,Oval,1460.0
Super Ideal,H,VS2,0.53,IGI,Oval,520.0
Super Ideal,H,SI2,1.05,IGI,Round,1330.0
Ideal,I,VS1,0.81,IGI,Princess,950.0
Super Ideal,D,VS2,0.47,IGI,Round,550.0
Ideal,J,SI2,1.65,IGI,Emerald,1980.0
Ideal,E,SI1,0.36,IGI,Round,400.0
Ideal,G,VVS2,0.51,IGI,Round,620.0
Ideal,D,VS2,1.1,GCAL,Oval,2550.0
Ideal,I,VS1,1.28,IGI,Oval,1920.0
Very Good,I,VS2,0.5,IGI,Radiant,490.0
Very Good,H,SI2,1.29,IGI,Asscher,1660.0
Super Ideal,G,VS1,0.83,IGI,Oval,1250.0
Very Good,J,SI1,2.01,IGI,Round,3656.67
Ideal,I,VS2,3.07,IGI,Princess,11150.0
Super Ideal,G,VVS1,1.24,IGI,Round,3290.0
Ideal,F,VVS2,0.59,IGI,Pear,750.0
Ideal,E,VS1,1.02,GCAL,Round,2700.0
Ideal,E,VVS2,2.55,IGI,Round,15570.0
Ideal,G,SI2,1.6,IGI,Round,3570.0
Ideal,E,SI2,0.71,GCAL,Oval,890.0
Ideal,F,SI1,1.52,IGI,Round,3705.0
Ideal,F,VS2,0.86,GCAL,Oval,1280.0
Super Ideal,D,VS1,1.16,IGI,Round,3135.0
Very Good,E,SI1,0.74,IGI,Emerald,1020.0
Super Ideal,H,SI1,1.04,IGI,Marquise,1790.0
Ideal,G,SI2,0.9,IGI,Pear,1140.0
Ideal,G,VS2,2.52,GCAL,Princess,8150.0
Very Good,F,VVS2,0.81,IGI,Oval,1340.0
Super Ideal,I,VVS2,1.63,IGI,Round,3270.0
Ideal,D,VVS2,1.0,IGI,Round,3106.67
Very Good,D,SI1,0.49,IGI,Round,560.0
Ideal,G,SI1,1.74,IGI,Radiant,4100.0
Ideal,H,SI2,1.65,IGI,Round,2900.0
Very Good,H,SI2,2.37,GCAL,Oval,5060.0
Super Ideal,I,SI1,1.7,IGI,Oval,3372.0
Ideal,G,VS2,0.74,IGI,Pear,1160.0
Ideal,J,SI2,1.7,IGI,Oval,2600.0
Ideal,G,SI1,1.53,GCAL,Cushion,3640.0
Very Good,H,VS2,1.82,GCAL,Emerald,4120.0
Super Ideal,I,VS2,1.56,IGI,Oval,3220.0
Super Ideal,G,VS2,2.08,IGI,Radiant,6420.0
Super Ideal,J,VS2,1.74,IGI,Oval,2790.0
Ideal,I,VS1,1.04,IGI,Pear,1605.0
Very Good,G,VVS2,0.83,GCAL,Oval,1280.0
Super Ideal,I,VVS1,1.01,IGI,Oval,1640.0
Very Good,G,VS1,1.5,IGI,Round,4127.5
Ideal,F,VVS2,0.5,IGI,Pear,630.0
Very Good,H,VS1,2.26,GCAL,Cushion,5910.0
Super Ideal,G,VS2,0.45,IGI,Round,490.0
Super Ideal,E,VVS1,0.7,IGI,Pear,1330.0
Very Good,G,VS2,2.02,IGI,Emerald,6000.0
Super Ideal,I,SI1,2.33,IGI,Round,5200.0
Ideal,J,VS1,2.67,IGI,Round,5890.0
Ideal,H,VS2,0.64,IGI,Pear,640.0
Super Ideal,E,SI2,0.65,IGI,Round,710.0
Super Ideal,H,VS2,2.02,IGI,Round,5900.0
Good,F,VVS1,0.75,IGI,Pear,1360.0
Super Ideal,H,VVS2,1.01,IGI,Marquise,1820.0
Ideal,D,VVS2,1.06,IGI,Princess,3150.0
Super Ideal,E,VVS2,0.34,IGI,Pear,360.0
Good,E,VS2,1.5,IGI,Round,4420.0
Super Ideal,J,VS2,1.7,IGI,Princess,2610.0
Ideal,F,VVS2,0.42,IGI,Round,520.0
Super Ideal,J,VS1,2.03,IGI,Oval,5170.0
Ideal,I,SI1,2.71,GCAL,Round,7900.0
Ideal,H,VS1,0.52,IGI,Emerald,545.0
Very Good,E,VS2,0.62,IGI,Round,830.0
Ideal,D,SI2,2.75,IGI,Round,9900.0
Good,F,SI2,1.0,IGI,Cushion,1415.0
Ideal,E,SI1,0.68,IGI,Pear,710.0
Very Good,E,VVS2,2.56,IGI,Pear,12440.0
Ideal,I,VS1,2.36,IGI,Round,6080.0
Super Ideal,E,SI2,1.24,IGI,Round,2190.0
Ideal,I,VS2,1.58,IGI,Emerald,3500.0
Super Ideal,G,VS2,0.54,IGI,Pear,580.0
Ideal,H,SI1,1.11,IGI,Pear,1630.0
Very Good,I,VS1,1.11,IGI,Round,1720.0
Ideal,F,VS2,0.49,GCAL,Marquise,500.0
Super Ideal,F,VS2,0.49,IGI,Oval,490.0
Ideal,E,VS1,2.32,IGI,Oval,9600.0
Ideal,F,VS2,2.02,IGI,Heart,7010.0
Super Ideal,H,SI1,1.02,IGI,Round,1965.0
Ideal,I,VS2,1.66,IGI,Pear,2970.0
Ideal,J,VS1,1.19,IGI,Round,1797.33
Very Good,F,VS2,1.01,IGI,Asscher,1950.0
Ideal,I,VS2,0.9,IGI,Pear,1180.0
Very Good,E,VS2,0.72,GCAL,Radiant,1130.0
Super Ideal,I,VS2,2.09,GCAL,Round,5477.5
Ideal,G,VS2,0.75,IGI,Pear,1050.0
Super Ideal,I,VVS2,2.3,IGI,Oval,5620.0
Ideal,D,VS2,3.0,IGI,Oval,16205.0
Super Ideal,F,VS1,0.87,IGI,Round,1580.0
Super Ideal,I,VS1,0.41,IGI,Round,440.0
Super Ideal,E,VS2,0.8,IGI,Round,1280.0
Good,E,SI1,0.34,IGI,Pear,350.0
Ideal,E,VS1,0.91,IGI,Oval,1705.0
Very Good,F,SI2,1.0,IGI,Round,1740.0
Ideal,E,VVS2,2.23,GCAL,Oval,9620.0
Ideal,D,VS1,2.02,GCAL,Oval,9120.0
Ideal,E,VS1,3.17,GCAL,Pear,17520.0
Very Good,F,VS2,0.37,IGI,Oval,370.0
Very Good,H,SI1,1.06,IGI,Cushion,1550.0
Very Good,J,VS2,1.62,IGI,Oval,2580.0
Very Good,G,VVS2,1.5,IGI,Pear,4320.0
Ideal,H,SI1,2.08,IGI,Pear,6100.0
Very Good,E,VS2,0.56,IGI,Asscher,670.0
Ideal,I,VVS2,1.77,IGI,Round,3820.0
Super Ideal,F,VS2,1.83,IGI,Round,5300.0
Ideal,E,VS1,0.56,IGI,Round,853.33
Ideal,E,VS2,0.98,IGI,Emerald,1640.0
Ideal,G,SI1,1.71,IGI,Pear,4320.0
Very Good,F,VS2,0.71,GCAL,Round,1013.33
Very Good,D,VS2,0.9,IGI,Oval,1680.0
Ideal,G,VS2,1.6,GCAL,Cushion,3820.0
Super Ideal,F,VS1,2.23,IGI,Round,9140.0
Super Ideal,E,VS2,0.35,IGI,Pear,360.0
Super Ideal,H,VS2,1.06,IGI,Round,1790.0
Very Good,H,VS1,1.0,IGI,Round,1900.0
Super Ideal,G,VS1,1.02,IGI,Round,2191.0
Super Ideal,J,VVS2,0.63,IGI,Round,680.0
Very Good,I,SI1,0.58,IGI,Pear,550.0
Ideal,D,VS2,0.69,IGI,Round,1020.0
Very Good,H,SI1,2.09,IGI,Princess,4580.0
Ideal,D,VS1,0.87,GCAL,Pear,1590.0
Ideal,H,VVS1,1.58,IGI,Round,4570.0
Ideal,F,SI1,0.7,IGI,Emerald,910.0
Ideal,I,SI1,1.64,IGI,Oval,3010.0
Super Ideal,E,VVS2,1.04,IGI,Round,2962.5
Very Good,D,VS2,0.5,IGI,Pear,713.33
Super Ideal,E,SI1,1.59,IGI,Round,3620.0
Ideal,E,VS2,1.26,IGI,Round,2790.0
Ideal,G,VS2,0.7,IGI,Round,1016.67
Good,E,SI2,0.69,IGI,Cushion,690.0
Good,H,VS2,0.73,IGI,Radiant,920.0
Ideal,G,VS2,2.02,IGI,Cushion,6120.0
Very Good,G,VVS2,3.02,IGI,Cushion,14930.0
Super Ideal,J,SI1,1.28,IGI,Round,1490.0
Super Ideal,E,VS1,1.03,IGI,Round,2608.33
Very Good,E,VS1,1.9,GCAL,Cushion,6790.0
Very Good,G,VS2,0.77,GCAL,Pear,1090.0
Very Good,J,SI1,1.19,IGI,Round,1720.0
Super Ideal,F,VVS2,1.02,IGI,Round,2666.0
Very Good,H,VVS1,0.5,IGI,Oval,570.0
Super Ideal,D,VS1,0.79,IGI,Marquise,1450.0
Very Good,F,SI1,1.17,IGI,Cushion,1930.0
Super Ideal,G,SI1,0.73,IGI,Round,870.0
Super Ideal,J,VS2,2.15,IGI,Oval,4440.0
Super Ideal,G,VS1,2.5,IGI,Oval,9965.0
Ideal,E,VVS2,1.71,IGI,Oval,6450.0
Ideal,G,VS1,0.58,IGI,Pear,655.0
Super Ideal,E,VS2,0.37,IGI,Oval,380.0
Ideal,H,SI2,0.92,IGI,Oval,1100.0
Ideal,J,VS1,0.56,IGI,Marquise,540.0
Super Ideal,E,VS1,2.5,IGI,Emerald,11180.0
Ideal,G,VVS2,0.71,IGI,Pear,1126.67
Ideal,E,SI1,0.83,IGI,Round,1195.0
Very Good,I,VS2,0.54,IGI,Oval,510.0
Very Good,H,SI1,0.52,GCAL,Round,550.0
Very Good,H,SI2,0.7,IGI,Oval,800.0
Ideal,J,VVS2,2.03,IGI,Round,4280.0
Ideal,J,VVS2,1.13,IGI,Round,1660.0
Ideal,H,SI1,0.8,IGI,Round,940.0
Ideal,E,SI1,1.57,IGI,Emerald,3650.0
Super Ideal,G,SI2,2.2,IGI,Round,4630.0
Super Ideal,D,VVS1,0.65,IGI,Oval,1160.0
Very Good,D,VS2,0.75,IGI,Oval,1330.0
Very Good,F,VS1,0.85,GCAL,Pear,1370.0
Super Ideal,H,VS2,2.03,IGI,Princess,4840.0
Ideal,E,VVS2,0.9,GCAL,Pear,1900.0
Super Ideal,E,VS2,0.89,IGI,Pear,1400.0
Very Good,E,SI2,1.02,IGI,Emerald,1500.0
Super Ideal,G,VS1,0.96,IGI,Round,1840.0
Super Ideal,E,VVS2,0.33,IGI,Oval,350.0
Ideal,D,VS1,0.38,IGI,Round,451.25
Super Ideal,F,VVS2,2.15,IGI,Princess,9020.0
Super Ideal,H,SI1,0.51,IGI,Round,560.0
Super Ideal,F,VS1,1.41,IGI,Round,3450.0
Super Ideal,F,VVS2,1.52,IGI,Princess,4755.0
Very Good,G,VS2,2.1,IGI,Oval,7730.0
Super Ideal,H,VS2,1.61,IGI,Princess,3680.0
Very Good,J,VVS2,0.92,IGI,Emerald,1140.0
Ideal,I,VS2,0.76,IGI,Pear,900.0
Super Ideal,G,VS1,1.17,IGI,Round,2680.0
Super Ideal,I,VVS2,1.84,IGI,Round,4000.0
Very Good,E,VS1,0.73,GCAL,Pear,1230.0
Ideal,J,VVS2,1.15,IGI,Round,1678.33
Super Ideal,F,SI2,0.79,IGI,Round,920.0
Ideal,E,VS2,0.8,GCAL,Pear,1250.0
Super Ideal,I,VS2,0.74,IGI,Pear,780.0
Super Ideal,I,VS2,1.73,IGI,Oval,3500.0
Ideal,I,VS2,2.03,IGI,Princess,3870.0
Very Good,J,VS2,1.08,IGI,Marquise,1580.0
Ideal,H,VS2,1.7,GCAL,Cushion,3650.0
Good,E,VVS1,1.04,IGI,Oval,3070.0
Super Ideal,E,SI1,0.32,IGI,Pear,320.0
Super Ideal,J,VS1,0.72,IGI,Round,770.0
Very Good,J,SI1,0.33,IGI,Pear,300.0
Ideal,F,VS1,3.04,IGI,Emerald,15505.0
Super Ideal,E,VVS2,1.04,IGI,Pear,2710.0
Very Good,G,VS2,1.15,IGI,Pear,2130.0
Good,H,VS1,1.06,IGI,Emerald,2605.0
Super Ideal,D,VS2,2.03,IGI,Round,8400.0
Super Ideal,I,SI2,2.17,IGI,Oval,4100.0
Ideal,G,VVS2,2.02,IGI,Round,8054.0
Ideal,E,VS2,2.57,IGI,Pear,10200.0
Super Ideal,E,VS1,0.83,IGI,Round,1370.0
Super Ideal,H,VS1,0.37,IGI,Oval,360.0
Super Ideal,I,VS2,0.6,IGI,Oval,570.0
Ideal,E,VS2,0.9,IGI,Cushion,1510.0
Ideal,I,SI2,1.07,IGI,Oval,1495.0
Super Ideal,H,VS2,0.78,IGI,Round,1210.0
Ideal,E,VVS1,0.31,IGI,Round,390.0
Good,H,VS1,1.08,IGI,Pear,2160.0
Very Good,F,SI2,0.43,IGI,Cushion,410.0
Super Ideal,F,VS1,3.75,IGI,Emerald,19040.0
Ideal,G,VS1,1.58,IGI,Oval,4256.67
Ideal,J,SI1,1.08,IGI,Princess,1600.0
Ideal,J,VS2,0.51,IGI,Round,530.0
Very Good,I,VS2,0.36,IGI,Emerald,340.0
Ideal,H,VS2,1.58,GCAL,Round,3890.0
Ideal,H,VS2,0.73,IGI,Emerald,920.0
Very Good,I,SI1,0.68,IGI,Pear,650.0
Ideal,H,VS2,1.57,GCAL,Princess,3600.0
Super Ideal,J,VS2,2.03,IGI,Emerald,3530.0
Very Good,F,VS1,0.39,GCAL,Pear,400.0
Super Ideal,G,SI1,0.7,IGI,Princess,980.0
Good,J,SI2,3.0,IGI,Round,6060.0
Ideal,I,SI2,1.5,IGI,Marquise,2780.0
Ideal,H,VS1,1.13,IGI,Princess,1980.0
Super Ideal,D,VS1,1.06,IGI,Round,2760.0
Ideal,H,VS1,1.8,IGI,Round,4360.0
Very Good,H,SI1,1.01,IGI,Pear,1560.0
Super Ideal,G,VS1,0.42,GCAL,Round,470.0
Ideal,E,VVS2,0.53,IGI,Pear,710.0
Ideal,H,VS2,1.02,IGI,Princess,1710.0
Ideal,I,VS2,2.38,IGI,Round,5870.0
Ideal,E,VS1,0.85,IGI,Pear,1430.0
Super Ideal,J,VS2,2.69,IGI,Round,5490.0
Super Ideal,I,VS2,2.02,IGI,Round,4815.0
Ideal,H,VVS2,1.4,IGI,Round,3160.0
Ideal,I,VS1,0.92,IGI,Oval,1340.0
Ideal,F,SI2,0.72,IGI,Pear,800.0
Ideal,I,VS1,1.32,IGI,Round,2192.22
Very Good,G,VVS2,1.66,IGI,Radiant,4760.0
Super Ideal,G,VS1,1.1,IGI,Emerald,2230.0
Very Good,G,SI1,1.24,IGI,Asscher,1970.0
Ideal,H,SI1,1.07,IGI,Emerald,2000.0
Super Ideal,G,SI1,0.67,IGI,Pear,660.0
Ideal,H,VS2,1.61,GCAL,Heart,3680.0
Super Ideal,I,VVS2,1.51,IGI,Round,3030.0
Very Good,J,VS1,2.06,IGI,Emerald,3540.0
Very Good,E,SI1,0.49,IGI,Round,540.0
Ideal,G,VS1,0.42,IGI,Pear,425.0
Ideal,D,VVS2,0.54,IGI,Pear,870.0
Super Ideal,D,VS2,1.03,IGI,Oval,2350.0
Very Good,E,VS1,0.61,GCAL,Round,800.0
Very Good,F,VS2,1.06,IGI,Asscher,2050.0
Ideal,E,SI1,1.03,IGI,Oval,1780.0
Ideal,J,SI2,1.78,IGI,Oval,2790.0
Super Ideal,J,VVS2,1.13,IGI,Round,1606.67
Very Good,G,SI1,0.5,IGI,Pear,496.67
Ideal,H,VVS2,2.15,IGI,Cushion,6550.0
Super Ideal,E,VS2,1.12,GCAL,Round,2470.0
Ideal,E,VS1,1.77,GCAL,Emerald,6020.0
Very Good,G,SI1,1.09,GCAL,Pear,2210.0
Super Ideal,E,SI1,0.74,IGI,Oval,1020.0
Ideal,I,SI2,2.03,IGI,Round,3720.0
Ideal,G,SI1,0.73,IGI,Pear,1030.0
Very Good,F,SI1,0.35,IGI,Cushion,340.0
Very Good,G,VS2,0.54,GCAL,Emerald,550.0
Ideal,H,VS2,1.6,GCAL,Cushion,3350.0
Very Good,J,VS2,1.04,IGI,Oval,1190.0
Ideal,F,VVS2,0.55,IGI,Radiant,690.0
Super Ideal,G,VS1,2.17,IGI,Oval,8560.0
Very Good,D,SI2,1.01,IGI,Round,1830.0
Ideal,I,VVS2,0.84,IGI,Princess,1060.0
Super Ideal,F,VS1,1.57,IGI,Round,4725.71
Ideal,G,VVS2,0.5,IGI,Pear,590.0
Very Good,H,VS2,0.35,IGI,Emerald,340.0
Super Ideal,I,VS2,0.91,IGI,Princess,1340.0
Super Ideal,E,SI2,1.61,IGI,Oval,3240.0
Super Ideal,I,VS2,0.44,IGI,Round,460.0
Super Ideal,F,SI1,0.34,IGI,Oval,330.0
Very Good,E,VS1,0.72,GCAL,Oval,1195.0
Ideal,G,VS1,0.6,IGI,Round,840.0
Very Good,H,SI1,0.3,IGI,Round,310.0
Ideal,J,SI1,2.09,IGI,Oval,4135.0
Super Ideal,D,VS1,0.54,IGI,Round,890.0
Ideal,F,VS2,2.02,GCAL,Emerald,6710.0
Ideal,D,VS1,2.03,IGI,Cushion,8810.0
Very Good,E,VVS2,0.31,IGI,Cushion,330.0
Ideal,J,VS1,2.13,IGI,Oval,4680.0
Ideal,F,VS1,0.71,IGI,Oval,1150.0
Very Good,E,VS2,0.37,IGI,Cushion,380.0
Super Ideal,H,SI1,0.42,IGI,Round,440.0
Ideal,H,VVS2,1.11,IGI,Round,2206.67
Very Good,J,VS1,0.43,IGI,Pear,410.0
Ideal,I,VS1,0.57,IGI,Pear,570.0
Ideal,I,SI2,2.07,IGI,Cushion,4080.0
Very Good,H,SI1,0.42,IGI,Emerald,400.0
Ideal,G,SI1,0.7,IGI,Oval,870.0
Ideal,F,SI2,1.46,IGI,Round,2410.0
Ideal,F,VS1,1.3,GCAL,Round,3140.0
Ideal,I,VVS2,2.0,IGI,Round,5300.0
Very Good,G,VS2,0.46,IGI,Pear,460.0
Good,H,SI1,0.5,IGI,Pear,490.0
Super Ideal,G,VVS2,1.68,IGI,Round,4870.0
Very Good,F,VS1,2.01,IGI,Emerald,6985.0
Very Good,D,VVS1,1.16,IGI,Oval,3850.0
Super Ideal,F,VVS2,2.09,IGI,Round,10360.0
Super Ideal,F,SI1,0.41,IGI,Oval,400.0
Ideal,E,VS2,1.39,IGI,Round,3270.0
Super Ideal,F,VS1,2.29,IGI,Round,9210.0
Very Good,E,SI1,0.3,IGI,Round,330.0
Super Ideal,G,SI2,1.59,IGI,Round,2580.0
Ideal,I,VS1,1.46,IGI,Radiant,3260.0
Ideal,D,SI2,0.67,IGI,Round,760.0
Super Ideal,G,VS1,1.12,IGI,Pear,2280.0
Super Ideal,F,VS1,0.35,IGI,Round,400.0
Very Good,E,VS2,0.5,IGI,Asscher,600.0
Ideal,E,VVS2,0.52,IGI,Pear,700.0
Ideal,I,VS2,3.43,GCAL,Cushion,12680.0
Super Ideal,F,VS1,2.19,IGI,Pear,8060.0
Super Ideal,F,VS1,1.14,IGI,Round,2495.0
Ideal,G,VVS2,0.63,IGI,Oval,740.0
Very Good,I,VS2,2.02,IGI,Cushion,3850.0
Ideal,H,SI1,2.0,GCAL,Emerald,5880.0
Very Good,F,SI1,0.46,IGI,Round,510.0
Very Good,I,VS1,1.12,GCAL,Pear,1700.0
Ideal,G,SI2,0.4,IGI,Round,420.0
Ideal,D,SI2,1.0,IGI,Round,1753.33
Very Good,D,VVS2,0.7,IGI,Emerald,1360.0
Super Ideal,E,VVS1,0.54,IGI,Pear,830.0
Ideal,F,VVS2,0.65,IGI,Oval,820.0
Super Ideal,H,SI1,2.18,IGI,Round,4986.67
Ideal,G,VS2,0.8,IGI,Pear,1150.0
Super Ideal,I,VS2,1.02,IGI,Oval,1530.0
Ideal,G,SI1,0.83,IGI,Round,1250.0
Ideal,F,SI1,0.73,IGI,Oval,970.0
Very Good,E,SI1,0.34,IGI,Cushion,340.0
Very Good,F,VVS2,0.34,IGI,Oval,350.0
Ideal,H,VS1,0.78,GCAL,Oval,1030.0
Good,F,VS1,0.7,IGI,Pear,1130.0
Very Good,G,VS2,4.02,IGI,Cushion,17920.0
Ideal,H,VVS2,0.7,IGI,Oval,1070.0
Ideal,J,VS2,1.18,IGI,Round,1662.5
Very Good,D,VS2,1.06,IGI,Pear,2420.0
Super Ideal,D,SI2,1.23,IGI,Round,1920.0
Super Ideal,I,VVS2,1.4,IGI,Round,2580.0
Super Ideal,E,VS1,1.0,IGI,Round,2502.78
Super Ideal,G,SI2,1.01,IGI,Round,1540.0
Ideal,D,SI2,1.04,IGI,Emerald,1700.0
Ideal,F,SI1,1.12,IGI,Pear,2390.0
Super Ideal,G,VS2,1.13,GCAL,Round,2260.0
Very Good,E,VS1,1.0,IGI,Emerald,2265.0
Ideal,I,SI1,1.0,IGI,Oval,1373.33
Very Good,G,VS2,3.01,GCAL,Cushion,12050.0
Super Ideal,F,VS1,1.84,IGI,Oval,5800.0
Ideal,G,VS2,1.04,IGI,Pear,1930.0
Super Ideal,G,VS1,2.39,IGI,Round,10900.0
Super Ideal,I,SI1,1.0,IGI,Marquise,1390.0
Very Good,E,VS2,0.41,IGI,Pear,420.0
Very Good,H,VVS1,0.9,IGI,Oval,1520.0
Super Ideal,J,SI1,1.33,IGI,Round,1690.0
Ideal,J,VS2,0.6,IGI,Marquise,570.0
Ideal,H,VS2,0.55,IGI,Oval,550.0
Very Good,E,VVS2,0.5,IGI,Oval,702.86
Ideal,G,VS2,1.18,IGI,Round,2670.0
Super Ideal,I,SI1,1.21,IGI,Round,1836.67
Very Good,H,SI1,0.51,IGI,Oval,492.5
Super Ideal,G,SI1,1.37,IGI,Round,2540.0
Very Good,G,SI1,0.95,GCAL,Pear,1480.0
Ideal,H,VS1,0.53,IGI,Round,610.0
Super Ideal,G,SI1,1.77,IGI,Round,3900.0
Very Good,E,VS1,2.55,GCAL,Emerald,11470.0
Very Good,E,VS1,0.4,IGI,Oval,420.0
Very Good,D,VS2,0.53,IGI,Oval,740.0
Very Good,F,SI1,0.62,IGI,Oval,620.0
Super Ideal,J,SI2,2.35,IGI,Oval,4370.0
Super Ideal,G,VVS1,1.28,IGI,Round,3400.0
Ideal,D,VVS1,0.72,IGI,Pear,1500.0
Ideal,D,VS2,0.67,IGI,Round,990.0
Ideal,I,SI1,0.61,IGI,Oval,570.0
Ideal,G,VVS1,1.76,IGI,Princess,5820.0
Ideal,I,VS1,0.87,IGI,Round,1070.0
Very Good,J,VVS1,0.5,IGI,Pear,500.0
Good,D,VS1,0.3,IGI,Pear,320.0
Ideal,G,VVS2,1.12,GCAL,Round,2650.0
Very Good,J,SI1,0.53,GCAL,Princess,490.0
Ideal,H,SI2,1.64,IGI,Pear,3080.0
Ideal,H,VS2,1.76,IGI,Round,4040.0
Ideal,E,VS1,0.95,IGI,Round,1980.0
Very Good,G,VS1,2.0,IGI,Asscher,8710.0
Super Ideal,I,VS1,1.19,IGI,Round,2008.57
Very Good,F,SI2,0.63,IGI,Round,680.0
Very Good,D,VS2,0.72,IGI,Round,1340.0
Super Ideal,J,VVS2,1.3,IGI,Round,2180.0
Ideal,I,VS2,2.21,IGI,Round,5020.0
Super Ideal,E,VS2,0.54,GCAL,Round,680.0
Ideal,E,VS1,3.0,IGI,Oval,17970.0
Very Good,E,VS2,0.3,IGI,Oval,300.0
Super Ideal,I,SI1,2.33,IGI,Oval,5360.0
Ideal,F,VVS2,1.72,IGI,Radiant,5815.0
Super Ideal,J,VS1,1.61,IGI,Round,2633.33
Good,G,VS2,2.01,IGI,Cushion,5970.0
Super Ideal,F,VVS2,1.36,IGI,Princess,3520.0
Ideal,G,VS1,1.24,IGI,Princess,2510.0
Ideal,F,SI1,0.55,IGI,Round,735.0
Super Ideal,G,SI2,1.5,IGI,Oval,3630.0
Ideal,J,VS1,1.01,IGI,Oval,1275.0
Super Ideal,F,VVS1,1.26,IGI,Round,3870.0
Ideal,E,VS2,1.74,IGI,Cushion,5230.0
Very Good,E,VS2,0.51,IGI,Oval,613.16
Ideal,J,SI1,2.01,IGI,Round,3653.33
Ideal,E,VS1,1.3,GCAL,Princess,3350.0
Ideal,E,SI1,1.18,GCAL,Round,2270.0
Very Good,E,VVS2,0.43,IGI,Oval,460.0
Ideal,F,VS2,2.03,IGI,Emerald,6390.0
Ideal,G,VS1,2.95,IGI,Oval,12150.0
Ideal,F,VS2,0.7,GCAL,Oval,1050.0
Very Good,G,VVS2,0.3,IGI,Cushion,300.0
Ideal,I,VS2,2.0,IGI,Pear,5030.0
Very Good,E,SI2,0.62,IGI,Round,690.0
Ideal,E,SI1,1.0,IGI,Cushion,1800.0
Very Good,E,VS2,0.55,IGI,Oval,680.0
Ideal,D,VS1,0.53,GCAL,Pear,780.0
Ideal,F,VVS1,2.76,IGI,Princess,15240.0
Super Ideal,E,VS2,1.17,IGI,Emerald,2510.0
Ideal,D,VS2,0.71,IGI,Oval,1270.0
Super Ideal,G,VS2,2.01,IGI,Emerald,6410.0
Super Ideal,H,SI2,0.63,IGI,Round,650.0
Very Good,E,VS2,1.03,IGI,Radiant,2170.0
Super Ideal,I,VS2,0.52,IGI,Emerald,510.0
Super Ideal,F,VS1,2.09,IGI,Round,8406.0
Ideal,J,VVS2,0.52,IGI,Round,560.0
Super Ideal,G,SI1,1.7,IGI,Round,3820.0
Very Good,H,VS1,0.52,GCAL,Oval,550.0
Super Ideal,J,SI1,1.63,IGI,Round,2300.0
Very Good,F,VS2,1.12,IGI,Pear,2300.0
Very Good,E,VS1,2.43,GCAL,Emerald,10110.0
Super Ideal,G,SI2,0.39,IGI,Oval,360.0
Ideal,F,VS2,0.31,IGI,Oval,310.0
Super Ideal,E,SI2,0.56,IGI,Pear,560.0
Super Ideal,G,VS2,2.32,IGI,Round,7770.0
Ideal,G,VS2,1.18,GCAL,Round,2550.0
Ideal,H,VS2,0.5,IGI,Pear,504.29
Ideal,I,SI1,0.51,IGI,Emerald,490.0
Ideal,E,VVS1,0.57,IGI,Round,965.0
Ideal,F,VVS2,1.02,GCAL,Round,2670.0
Super Ideal,G,VS1,1.78,IGI,Round,4980.0
Ideal,F,VS1,0.36,IGI,Round,410.0
Ideal,I,VVS2,0.7,IGI,Oval,760.0
Super Ideal,G,SI1,1.3,IGI,Round,2380.0
Ideal,F,VVS1,0.5,IGI,Princess,690.0
Super Ideal,J,SI1,2.33,IGI,Round,4860.0
Super Ideal,G,VS1,1.61,IGI,Round,4252.86
Ideal,H,VVS2,0.6,IGI,Emerald,660.0
Ideal,H,VS2,1.7,IGI,Oval,5070.0
Super Ideal,J,SI2,1.83,IGI,Oval,2950.0
Super Ideal,E,VS2,0.53,GCAL,Round,670.0
Ideal,F,VS1,1.4,IGI,Round,3940.0
Ideal,I,VVS2,0.9,IGI,Pear,1300.0
Very Good,E,VVS1,1.76,IGI,Round,8510.0
Very Good,J,VS1,2.07,GCAL,Emerald,4310.0
Ideal,E,SI1,1.55,IGI,Round,3700.0
Ideal,G,VS1,1.07,GCAL,Round,2210.0
Ideal,F,VS1,2.11,IGI,Oval,8110.0
Super Ideal,E,VS1,3.1,IGI,Cushion,17510.0
Super Ideal,I,VS1,1.7,IGI,Oval,3545.0
Ideal,F,VS1,0.52,IGI,Round,700.0
Ideal,E,VS1,0.73,IGI,Cushion,1230.0
Ideal,D,VS1,2.07,GCAL,Marquise,11590.0
Super Ideal,I,VS1,2.06,IGI,Round,4980.0
Ideal,D,VS1,0.79,IGI,Oval,1460.0
Very Good,F,VS2,2.1,IGI,Radiant,7210.0
Super Ideal,J,VS1,2.09,IGI,Oval,4395.0
Ideal,H,SI2,1.01,GCAL,Round,1500.0
Very Good,G,SI1,0.7,IGI,Pear,930.0
Ideal,H,VS2,2.01,IGI,Radiant,5190.0
Super Ideal,I,SI1,2.51,IGI,Oval,6075.0
Good,I,SI1,1.0,IGI,Round,1600.0
Very Good,D,VS2,0.71,GCAL,Oval,1246.67
Ideal,F,VS2,0.53,IGI,Marquise,610.0
Ideal,E,VVS2,2.05,IGI,Princess,10200.0
Ideal,J,VS1,1.81,IGI,Round,3185.0
Super Ideal,I,SI1,0.5,IGI,Oval,470.0
Very Good,E,VS2,0.52,GCAL,Oval,630.0
Very Good,E,VS1,0.43,IGI,Oval,450.0
Ideal,E,VS1,1.09,IGI,Emerald,2460.0
Super Ideal,I,VVS2,1.22,IGI,Round,2004.0
Ideal,I,VS1,2.1,IGI,Round,5130.0
Very Good,F,VS1,1.05,GCAL,Princess,2260.0
Ideal,D,VVS2,0.31,IGI,Round,390.0
Ideal,E,VS1,0.54,IGI,Princess,710.0
Ideal,J,SI1,0.36,IGI,Emerald,320.0
Very Good,J,SI1,1.0,IGI,Round,1446.67
Very Good,G,SI1,2.01,IGI,Oval,5360.0
Super Ideal,D,VS1,1.11,IGI,Round,2886.67
Super Ideal,I,VS1,1.73,IGI,Oval,3640.0
Super Ideal,G,VS2,0.52,IGI,Pear,530.0
Very Good,F,VS2,3.1,GCAL,Cushion,14100.0
Super Ideal,G,VS1,2.67,IGI,Oval,10040.0
Very Good,F,SI1,0.51,IGI,Oval,545.0
Super Ideal,F,VVS2,0.58,IGI,Round,775.0
Very Good,D,VS1,0.72,IGI,Oval,1325.0
Very Good,I,VS2,0.55,IGI,Pear,540.0
Super Ideal,I,SI2,2.03,IGI,Round,3940.0
Very Good,F,VS1,1.51,GCAL,Marquise,5130.0
Ideal,F,VS1,0.34,GCAL,Pear,350.0
Super Ideal,E,VVS2,2.02,IGI,Round,11200.0
Super Ideal,I,VS1,0.56,IGI,Oval,560.0
Super Ideal,E,SI1,1.28,IGI,Princess,2570.0
Very Good,H,VS1,0.51,IGI,Pear,536.67
Good,E,VS2,0.32,IGI,Oval,330.0
Super Ideal,G,SI1,1.92,IGI,Round,5140.0
Ideal,F,VS2,0.7,IGI,Pear,1070.0
Super Ideal,J,VS1,1.51,IGI,Round,2662.0
Ideal,E,VVS2,0.35,IGI,Round,420.0
Super Ideal,G,SI2,1.55,IGI,Round,2980.0
Super Ideal,G,VS1,0.57,IGI,Oval,660.0
Super Ideal,J,VS2,1.6,IGI,Oval,2565.0
Very Good,D,VS2,0.33,IGI,Oval,340.0
Very Good,I,SI1,0.79,IGI,Round,870.0
Super Ideal,D,VS2,2.02,IGI,Pear,7640.0
Very Good,F,VS2,1.0,GCAL,Princess,2160.0
Ideal,D,VVS1,0.47,GCAL,Pear,590.0
Very Good,F,VS2,2.21,IGI,Oval,8020.0
Ideal,I,VS2,1.61,GCAL,Cushion,2790.0
Very Good,F,VVS1,1.06,IGI,Oval,2850.0
Super Ideal,D,VVS2,0.38,IGI,Round,480.0
Ideal,H,SI2,1.52,GCAL,Emerald,2710.0
Ideal,J,VS1,1.41,IGI,Round,2210.0
Ideal,D,VVS2,2.5,IGI,Round,16800.0
Ideal,I,VVS2,1.22,IGI,Round,2041.67
Ideal,D,VVS1,0.32,IGI,Round,470.0
Ideal,D,VS2,1.57,GCAL,Oval,4900.0
Super Ideal,E,VVS2,2.5,IGI,Round,15000.0
Super Ideal,J,SI1,1.72,IGI,Oval,2800.0
Super Ideal,H,VVS2,1.29,IGI,Round,2570.0
Very Good,H,VVS2,0.32,IGI,Pear,320.0
Ideal,H,VS1,2.81,GCAL,Cushion,9370.0
Ideal,J,VS2,1.5,IGI,Pear,2270.0
Ideal,J,SI2,1.73,IGI,Cushion,2410.0
Super Ideal,J,VS1,2.29,IGI,Oval,4820.0
Ideal,I,VS1,2.4,IGI,Oval,5790.0
Ideal,F,VS2,0.82,IGI,Pear,1240.0
Super Ideal,D,VS1,1.12,IGI,Round,2930.0
Super Ideal,G,SI2,0.64,IGI,Cushion,620.0
Very Good,D,VS2,0.69,IGI,Round,1020.0
Ideal,G,VVS2,1.59,IGI,Round,4570.0
Ideal,G,SI1,2.51,IGI,Round,7760.0
Good,G,VS2,0.43,IGI,Oval,430.0
Super Ideal,E,SI1,1.01,IGI,Emerald,1711.54
Ideal,J,VVS2,2.11,IGI,Round,4446.67
Very Good,G,VS2,1.19,IGI,Pear,2200.0
Ideal,F,VS2,0.93,GCAL,Emerald,1520.0
Very Good,G,SI1,0.51,IGI,Pear,510.0
Ideal,G,VS1,1.51,GCAL,Radiant,4010.0
Ideal,I,VS2,1.14,GCAL,Round,1750.0
Ideal,D,VS1,0.72,IGI,Round,1520.0
Ideal,J,VS2,1.51,IGI,Round,2746.0
Super Ideal,H,SI1,2.01,IGI,Round,4805.0
Very Good,G,VS2,0.7,IGI,Oval,1000.0
Ideal,I,VS2,1.2,GCAL,Round,1840.0
Ideal,G,VS2,2.73,IGI,Round,11880.0
Super Ideal,H,SI2,0.43,IGI,Round,440.0
Super Ideal,E,VS1,0.56,IGI,Round,980.0
Very Good,J,VS2,1.09,GCAL,Cushion,1600.0
Ideal,I,VS1,1.14,IGI,Round,1799.67
Very Good,H,VS2,0.74,GCAL,Pear,1050.0
Super Ideal,G,SI1,0.88,IGI,Pear,1110.0
Super Ideal,J,VS1,1.71,IGI,Round,3010.0
Ideal,E,VVS2,1.99,IGI,Round,8400.0
Very Good,H,VS1,0.64,IGI,Heart,670.0
Very Good,F,VS1,0.58,IGI,Pear,710.0
Very Good,G,VS2,0.41,IGI,Pear,410.0
Super Ideal,F,VVS2,1.14,IGI,Round,2980.0
Super Ideal,D,VS2,0.38,IGI,Round,440.0
Ideal,F,SI1,2.01,IGI,Emerald,5860.0
Very Good,E,VS2,0.75,IGI,Cushion,1170.0
Ideal,J,VS2,1.5,IGI,Oval,2370.0
Very Good,D,VS2,0.53,GCAL,Oval,740.0
Ideal,H,SI2,1.87,IGI,Round,3370.0
Very Good,G,VS2,1.0,IGI,Cushion,1830.0
Ideal,E,VVS1,1.06,IGI,Princess,3310.0
Super Ideal,H,VS2,0.88,IGI,Princess,1230.0
Ideal,G,VS2,1.14,IGI,Round,2320.0
Super Ideal,D,VVS2,0.37,IGI,Round,470.0
Ideal,J,SI1,2.08,IGI,Emerald,3540.0
Super Ideal,G,VS2,1.72,IGI,Cushion,4300.0
Ideal,E,VVS1,0.5,IGI,Princess,780.0
Super Ideal,D,VS1,2.02,IGI,Oval,10620.0
Ideal,I,VS1,0.9,IGI,Pear,1260.0
Ideal,E,VS2,1.02,GCAL,Pear,2360.0
Ideal,I,VVS2,1.15,GCAL,Round,1900.0
Super Ideal,J,VS2,1.71,IGI,Round,2700.0
Super Ideal,J,VVS2,1.5,IGI,Marquise,2580.0
Ideal,F,SI1,0.81,IGI,Pear,1075.0
Ideal,H,VS1,0.75,IGI,Round,1250.0
Super Ideal,F,VVS2,1.52,IGI,Round,5230.0
Very Good,H,SI2,3.14,IGI,Round,10020.0
Ideal,E,SI1,0.61,IGI,Round,725.0
Super Ideal,I,SI1,0.5,IGI,Round,510.0
Ideal,J,VS2,1.09,IGI,Round,1636.36
Super Ideal,J,SI1,1.58,IGI,Round,2730.0
Ideal,F,VS1,2.02,IGI,Princess,6900.0
Ideal,J,SI2,0.9,IGI,Emerald,820.0
Ideal,F,SI2,0.86,IGI,Round,1040.0
Ideal,G,VVS2,0.32,IGI,Pear,330.0
Super Ideal,G,VS2,1.73,GCAL,Princess,4330.0
Super Ideal,J,VS1,0.94,IGI,Cushion,1190.0
Super Ideal,E,VS2,1.51,IGI,Pear,4760.0
Ideal,G,VS2,1.01,GCAL,Princess,1880.0
Ideal,E,SI1,1.32,IGI,Round,2735.0
Ideal,E,VVS2,1.24,IGI,Round,3590.0
Good,E,SI2,0.44,IGI,Oval,440.0
Very Good,E,VS1,2.56,GCAL,Emerald,11510.0
Ideal,E,VVS1,0.36,IGI,Round,460.0
Super Ideal,G,VS1,2.24,IGI,Princess,7770.0
Ideal,E,SI1,1.1,IGI,Round,2025.0
Very Good,E,VS1,2.73,GCAL,Cushion,13640.0
Super Ideal,E,VS1,0.43,IGI,Round,500.0
Very Good,F,SI1,4.06,GCAL,Emerald,17090.0
Super Ideal,E,VS1,0.55,IGI,Oval,710.0
Ideal,F,VS2,0.4,IGI,Oval,410.0
Ideal,H,VS2,1.66,IGI,Round,3480.0
Super Ideal,D,SI1,0.33,IGI,Oval,340.0
Super Ideal,F,VS1,1.76,IGI,Cushion,5830.0
Super Ideal,E,SI1,0.56,IGI,Round,750.0
Super Ideal,H,SI1,1.61,IGI,Round,3775.0
Super Ideal,F,VVS1,0.66,IGI,Princess,910.0
Very Good,E,VVS2,3.02,IGI,Radiant,18420.0
Very Good,E,SI1,0.32,IGI,Oval,320.0
Super Ideal,I,VS1,1.54,IGI,Round,2960.0
Ideal,F,VVS2,1.71,IGI,Cushion,5840.0
Ideal,J,SI1,1.61,IGI,Emerald,2100.0
Very Good,E,VS1,1.57,GCAL,Cushion,5320.0
Very Good,G,VS1,1.67,IGI,Princess,4410.0
Very Good,G,SI1,0.83,IGI,Round,1050.0
Good,F,SI1,0.41,IGI,Pear,410.0
Ideal,H,VS2,2.07,IGI,Radiant,5330.0
Good,E,VS2,0.48,IGI,Oval,500.0
Ideal,E,VVS2,2.43,IGI,Round,14060.0
Good,H,VS2,1.32,IGI,Heart,2460.0
Ideal,J,SI2,1.5,IGI,Heart,1990.0
Ideal,J,VS2,1.0,IGI,Heart,1120.0
Super Ideal,J,SI1,1.8,IGI,Round,2670.0
Ideal,F,VS1,1.0,IGI,Oval,2160.0
Super Ideal,H,VVS2,0.84,IGI,Emerald,1180.0
Super Ideal,F,VS1,0.52,IGI,Oval,630.0
Super Ideal,G,VS2,0.56,IGI,Round,730.0
Ideal,F,VS2,3.42,GCAL,Princess,15410.0
Ideal,E,VS1,0.58,IGI,Round,820.0
Very Good,F,VS1,0.51,IGI,Cushion,673.33
Super Ideal,F,VS1,0.31,IGI,Oval,320.0
Super Ideal,D,VS2,0.48,IGI,Round,560.0
Very Good,F,VS2,1.53,GCAL,Heart,4040.0
Ideal,D,VVS2,1.3,IGI,Round,5490.0
Ideal,I,SI1,1.52,IGI,Princess,3280.0
Very Good,H,VS1,0.78,IGI,Oval,1020.0
Ideal,G,VS1,0.55,IGI,Marquise,630.0
Ideal,E,VS1,0.35,IGI,Pear,360.0
Ideal,I,VS2,1.06,IGI,Princess,1490.0
Ideal,H,VVS2,0.34,IGI,Round,380.0
Super Ideal,H,VS1,2.35,GCAL,Round,7650.0
Very Good,E,VS1,1.5,IGI,Round,5181.67
Ideal,G,VS1,2.01,IGI,Heart,6880.0
Ideal,H,SI1,2.09,IGI,Pear,6130.0
Ideal,F,VS2,0.52,GCAL,Pear,570.0
Ideal,F,VS1,0.59,IGI,Pear,710.0
Very Good,E,VS1,0.5,GCAL,Emerald,650.0
Ideal,D,VS1,3.21,IGI,Oval,19710.0
Good,G,VS2,1.0,IGI,Pear,1860.0
Very Good,G,VVS2,2.08,GCAL,Cushion,7090.0
Very Good,J,VS2,3.54,GCAL,Cushion,10410.0
Very Good,F,VS2,2.04,IGI,Oval,7350.0
Very Good,E,VS1,1.85,GCAL,Princess,6250.0
Ideal,F,VVS2,1.09,IGI,Princess,2510.0
Very Good,E,SI2,1.08,IGI,Cushion,1580.0
Super Ideal,G,SI2,0.6,IGI,Round,630.0
Ideal,E,VVS2,0.7,IGI,Cushion,1200.0
Ideal,J,VS1,2.0,IGI,Heart,3750.0
Ideal,F,SI2,1.54,IGI,Round,3180.0
Super Ideal,F,VS2,2.01,IGI,Radiant,6790.0
Super Ideal,D,VS2,0.71,IGI,Oval,1250.0
Ideal,I,VS1,2.01,GCAL,Round,4930.0
Super Ideal,I,VS1,1.63,IGI,Oval,3450.0
Ideal,G,VVS2,0.6,IGI,Emerald,710.0
Good,G,VVS2,1.5,IGI,Round,4290.0
Ideal,F,VS2,1.09,IGI,Round,2385.0
Good,H,VS1,0.62,IGI,Oval,650.0
Ideal,H,VS1,0.61,IGI,Oval,750.0
Very Good,G,SI2,1.17,GCAL,Heart,2040.0
Very Good,E,VS2,0.7,GCAL,Oval,1087.65
Good,E,VS1,1.91,IGI,Cushion,6430.0
Ideal,G,VS1,3.05,IGI,Emerald,13410.0
Ideal,E,VS2,0.9,IGI,Pear,1570.0
Very Good,E,VS1,2.09,IGI,Emerald,8190.0
Very Good,F,VVS1,0.71,GCAL,Oval,1280.0
Super Ideal,G,SI1,0.33,IGI,Round,350.0
Super Ideal,I,VVS2,0.71,IGI,Cushion,780.0
Ideal,H,VS1,1.79,IGI,Round,4300.0
Super Ideal,F,SI1,0.48,IGI,Oval,470.0
Very Good,G,SI1,0.91,GCAL,Pear,1430.0
Super Ideal,H,SI1,1.03,IGI,Emerald,1510.0
Very Good,G,VVS2,0.58,IGI,Oval,690.0
Super Ideal,G,VS1,2.01,IGI,Oval,7223.33
Ideal,E,VVS2,1.64,IGI,Oval,5900.0
Ideal,G,VS2,0.7,IGI,Pear,1035.0
Super Ideal,H,VS1,1.57,IGI,Heart,3520.0
Ideal,D,SI1,0.73,GCAL,Oval,1210.0
Ideal,E,VS2,3.26,IGI,Oval,16130.0
Very Good,E,VS1,3.02,GCAL,Radiant,16680.0
Super Ideal,I,VS1,0.98,IGI,Oval,1420.0
Ideal,G,VS1,2.6,IGI,Oval,8990.0
Very Good,E,VS2,0.83,IGI,Emerald,1600.0
Super Ideal,G,SI1,0.72,GCAL,Round,860.0
Ideal,H,VS2,1.18,IGI,Round,2480.0
Super Ideal,I,VS2,1.28,IGI,Round,2230.0
Super Ideal,I,VVS1,0.72,IGI,Round,890.0
Very Good,E,VS2,1.02,GCAL,Princess,2200.0
Ideal,H,VS2,0.7,IGI,Round,966.0
Very Good,I,SI1,2.0,GCAL,Round,4340.0
Ideal,D,SI1,0.5,IGI,Cushion,600.0
Ideal,E,VS2,1.2,IGI,Round,2715.0
Very Good,I,VS1,1.53,IGI,Round,2960.0
Super Ideal,H,SI1,1.53,IGI,Oval,3400.0
Ideal,F,VS1,1.26,IGI,Round,3016.67
Ideal,D,VS2,3.21,GCAL,Oval,16780.0
Ideal,H,VS2,2.12,GCAL,Cushion,5225.0
Very Good,E,VVS1,0.4,IGI,Pear,500.0
Very Good,E,VS1,1.55,GCAL,Radiant,4890.0
Ideal,E,VS2,1.52,IGI,Round,4470.0
Ideal,E,VS1,3.09,GCAL,Oval,17190.0
Very Good,E,VS1,0.71,IGI,Oval,1331.67
Ideal,J,VS1,0.72,IGI,Emerald,720.0
Super Ideal,E,VVS2,2.1,IGI,Oval,10090.0
Super Ideal,F,SI1,0.33,IGI,Round,360.0
Super Ideal,I,SI2,1.71,IGI,Round,2580.0
Super Ideal,F,VVS2,1.61,IGI,Princess,5090.0
Super Ideal,F,VS1,1.1,IGI,Round,2721.43
Very Good,F,VS2,0.38,GCAL,Marquise,380.0
Super Ideal,D,VVS2,2.43,IGI,Round,15650.0
Ideal,E,SI1,0.54,IGI,Emerald,550.0
Ideal,H,VS1,1.5,IGI,Pear,3460.0
Very Good,E,SI1,0.51,IGI,Oval,534.29
Super Ideal,F,VS2,3.02,IGI,Emerald,13300.0
Ideal,F,VS1,1.35,IGI,Round,3270.0
Super Ideal,F,SI2,0.47,IGI,Oval,450.0
Ideal,J,VS2,1.37,IGI,Round,2090.0
Super Ideal,H,VVS1,0.87,IGI,Princess,1390.0
Super Ideal,D,VVS1,1.19,IGI,Pear,3940.0
Ideal,H,SI1,1.02,IGI,Pear,1512.5
Ideal,E,VS1,0.66,IGI,Round,967.5
Ideal,I,VS2,2.44,IGI,Round,5980.0
Super Ideal,D,VVS1,2.12,GCAL,Radiant,14050.0
Ideal,G,SI1,2.51,IGI,Pear,7000.0
Good,D,VS2,0.4,IGI,Oval,420.0
Ideal,J,VS1,2.02,IGI,Princess,3310.0
Very Good,I,SI2,0.7,IGI,Pear,700.0
Good,D,VVS1,0.4,IGI,Oval,460.0
Very Good,I,SI2,0.52,IGI,Oval,490.0
Very Good,E,VVS1,0.5,GCAL,Marquise,930.0
Very Good,E,SI1,1.21,IGI,Princess,2200.0
Good,E,SI1,0.73,IGI,Asscher,1010.0
Ideal,D,VVS2,0.43,IGI,Pear,470.0
Super Ideal,H,VVS1,1.47,GCAL,Round,3600.0
Super Ideal,G,VVS2,0.46,IGI,Oval,510.0
Very Good,I,SI1,0.5,IGI,Oval,475.0
Super Ideal,F,VS1,1.23,IGI,Round,2926.25
Very Good,H,SI1,0.48,GCAL,Pear,450.0
Very Good,J,VS1,2.07,IGI,Oval,4360.0
Very Good,G,SI2,0.71,GCAL,Emerald,760.0
Super Ideal,F,VS1,1.21,IGI,Round,2845.0
Ideal,D,VVS2,1.63,IGI,Asscher,6330.0
Ideal,I,SI1,0.54,IGI,Pear,515.0
Super Ideal,G,VVS1,1.03,IGI,Round,2725.0
Ideal,J,VVS2,1.61,IGI,Round,2770.0
Very Good,I,SI1,0.72,GCAL,Pear,820.0
Ideal,F,VS1,0.79,IGI,Round,1260.0
Good,F,VVS2,0.53,IGI,Pear,660.0
Super Ideal,H,SI1,1.57,IGI,Round,2975.0
Very Good,G,VS2,2.0,IGI,Oval,6740.0
Ideal,H,VS1,0.53,GCAL,Princess,560.0
Super Ideal,E,VS1,2.51,IGI,Round,13310.0
Ideal,F,SI1,1.03,GCAL,Princess,1900.0
Super Ideal,D,SI1,2.5,IGI,Round,9300.0
Super Ideal,G,VS1,2.55,IGI,Round,9980.0
Very Good,I,VS2,2.01,GCAL,Princess,3840.0
Very Good,E,SI1,0.5,GCAL,Oval,520.0
Very Good,H,VS2,2.08,GCAL,Oval,5360.0
Super Ideal,E,VVS2,0.57,IGI,Pear,760.0
Ideal,H,SI1,0.95,GCAL,Pear,1450.0
Super Ideal,F,VS2,0.9,IGI,Oval,1455.0
Super Ideal,I,SI1,2.7,IGI,Oval,6660.0
Very Good,E,VVS2,0.74,IGI,Oval,1290.0
Very Good,F,VS2,2.07,IGI,Asscher,6520.0
Ideal,E,SI1,0.38,IGI,Oval,390.0
Very Good,D,VVS1,0.76,IGI,Oval,1590.0
Very Good,E,VS2,1.01,GCAL,Round,2233.33
Very Good,E,VS2,1.23,IGI,Oval,2730.0
Very Good,E,SI1,0.59,IGI,Emerald,610.0
Super Ideal,E,VVS2,0.31,IGI,Round,370.0
Very Good,E,VS1,1.0,GCAL,Round,2320.0
Super Ideal,E,VS1,2.53,IGI,Round,13360.0
Ideal,J,VS2,1.88,IGI,Round,2960.0
Ideal,F,VS2,0.77,IGI,Pear,1160.0
Ideal,E,VS1,0.35,GCAL,Marquise,440.0
Super Ideal,J,VS2,2.3,IGI,Oval,4790.0
Very Good,H,VS2,1.06,IGI,Emerald,1620.0
Ideal,D,VS2,0.32,IGI,Round,370.0
Ideal,I,SI1,0.76,IGI,Pear,860.0
Very Good,E,SI1,0.44,IGI,Round,495.0
Very Good,E,VS2,0.7,IGI,Asscher,1090.0
Ideal,G,VS2,0.73,IGI,Emerald,1000.0
Ideal,E,VS1,1.5,GCAL,Asscher,4762.5
Ideal,H,VVS2,0.89,IGI,Princess,1400.0
Ideal,J,VVS1,1.19,IGI,Round,1890.0
Super Ideal,D,VS2,0.62,IGI,Round,905.0
Ideal,J,SI1,1.51,IGI,Pear,1990.0
Very Good,J,VS2,0.78,GCAL,Princess,780.0
Ideal,D,VS2,0.78,IGI,Pear,1390.0
Super Ideal,J,VS1,1.7,IGI,Round,2998.57
Very Good,F,SI1,2.0,IGI,Round,6020.0
Super Ideal,J,VS2,2.0,IGI,Round,3682.86
Super Ideal,F,SI1,2.55,IGI,Oval,8490.0
Ideal,E,VS1,0.47,GCAL,Marquise,520.0
Very Good,D,SI1,1.01,IGI,Emerald,1940.0
Ideal,I,SI2,1.2,IGI,Round,1520.0
Ideal,E,VS2,2.21,IGI,Oval,7760.0
Super Ideal,J,VS2,2.02,IGI,Emerald,3640.0
Ideal,H,VS1,1.1,IGI,Marquise,1970.0
Very Good,H,VS1,0.39,IGI,Cushion,380.0
Ideal,G,SI1,1.5,IGI,Oval,4205.0
Ideal,E,VVS2,0.47,IGI,Round,600.0
Good,H,VS2,0.5,IGI,Pear,502.5
Super Ideal,G,VS2,0.73,IGI,Round,1040.0
Super Ideal,E,VVS2,2.06,IGI,Round,11380.0
Super Ideal,J,SI2,1.3,IGI,Round,1670.0
Very Good,H,SI1,0.51,IGI,Marquise,500.0
Ideal,J,SI2,2.01,IGI,Oval,3800.0
Very Good,G,VS2,2.04,GCAL,Oval,7065.0
Ideal,H,VS2,1.6,GCAL,Radiant,3660.0
Ideal,J,SI1,1.56,IGI,Round,2310.0
Ideal,D,VS1,2.08,GCAL,Radiant,9080.0
Very Good,I,SI1,0.6,IGI,Emerald,570.0
Super Ideal,I,SI1,1.66,IGI,Round,2860.0
Very Good,D,VS1,1.12,IGI,Oval,2750.0
Ideal,G,VVS1,1.05,IGI,Round,2805.0
Ideal,I,SI1,1.64,IGI,Emerald,2630.0
Super Ideal,E,VS1,0.72,IGI,Oval,1220.0
Very Good,J,VVS2,0.31,IGI,Pear,300.0
Ideal,F,VS2,3.01,IGI,Princess,13180.0
Very Good,J,VS2,0.77,IGI,Radiant,740.0
Ideal,E,SI2,0.39,IGI,Cushion,380.0
Good,E,VVS2,3.01,IGI,Oval,18500.0
Very Good,J,VS2,0.72,IGI,Emerald,700.0
Ideal,G,VS2,0.3,IGI,Round,330.0
Very Good,E,VS2,3.02,GCAL,Radiant,15050.0
Ideal,E,SI1,2.0,IGI,Marquise,8970.0
Very Good,E,VS2,1.51,GCAL,Cushion,4005.0
Ideal,F,VS1,0.52,IGI,Oval,620.0
Super Ideal,E,VVS2,0.71,IGI,Round,1320.0
Super Ideal,I,VS2,1.34,IGI,Round,2140.0
Ideal,I,SI2,2.2,IGI,Oval,4563.33
Super Ideal,I,VS2,1.12,IGI,Round,1768.33
Very Good,G,VVS2,1.26,IGI,Pear,2680.0
Good,F,SI1,0.37,IGI,Pear,360.0
Ideal,H,VS2,2.2,IGI,Oval,6890.0
Ideal,H,VS1,0.74,IGI,Princess,1060.0
Ideal,E,VVS1,0.61,IGI,Round,1040.0
Good,E,SI2,0.97,IGI,Cushion,1310.0
Super Ideal,E,VS2,0.77,IGI,Oval,1200.0
Ideal,I,SI1,1.3,IGI,Round,1986.0
Ideal,G,SI2,1.01,IGI,Cushion,1630.0
Very Good,J,SI1,0.9,IGI,Emerald,960.0
Super Ideal,E,VVS1,2.2,GCAL,Round,17800.0
Super Ideal,I,VS1,1.59,IGI,Round,3320.0
Very Good,E,VS1,0.66,IGI,Round,980.0
Ideal,I,VS1,3.21,GCAL,Asscher,11010.0
Very Good,F,VS2,1.51,IGI,Radiant,3870.0
Super Ideal,H,SI1,0.7,IGI,Princess,900.0
Very Good,I,VS1,1.07,GCAL,Princess,1600.0
Very Good,F,SI1,0.45,GCAL,Pear,440.0
Very Good,E,VS1,3.02,GCAL,Cushion,17306.67
Ideal,J,SI1,1.01,IGI,Pear,1160.0
Super Ideal,I,VS1,1.87,IGI,Oval,4000.0
Very Good,J,VS1,2.48,IGI,Oval,5320.0
Super Ideal,E,SI2,1.5,IGI,Princess,3620.0
Super Ideal,H,VVS2,1.3,IGI,Round,2795.0
Very Good,F,VS2,0.31,IGI,Pear,310.0
Good,E,VS2,0.42,IGI,Marquise,450.0
Super Ideal,D,VS1,2.7,IGI,Round,19440.0
Very Good,H,VS1,1.26,IGI,Emerald,2200.0
Ideal,F,VS1,0.72,GCAL,Round,1090.0
Super Ideal,E,VVS2,0.51,IGI,Round,734.0
Very Good,D,SI2,1.11,IGI,Round,1980.0
Ideal,H,SI2,1.23,IGI,Round,1560.0
Ideal,H,VS2,1.56,GCAL,Cushion,3580.0
Very Good,D,VVS2,0.96,IGI,Round,2500.0
Very Good,F,VS1,0.96,IGI,Radiant,1660.0
Ideal,E,VVS2,0.71,IGI,Emerald,1230.0
Super Ideal,D,VVS2,0.71,IGI,Round,1540.0
Very Good,E,VS1,0.53,IGI,Oval,684.29
Super Ideal,G,VS2,1.59,IGI,Princess,3830.0
Super Ideal,G,VS2,2.2,IGI,Oval,6810.0
Super Ideal,E,VS2,2.57,IGI,Emerald,10560.0
Super Ideal,F,VVS2,1.15,IGI,Princess,2780.0
Ideal,I,VS1,1.04,GCAL,Princess,1890.0
Very Good,H,VVS2,2.0,GCAL,Emerald,5350.0
Ideal,J,VS2,2.08,IGI,Pear,3810.0
Ideal,H,VS2,0.78,IGI,Round,1070.0
Super Ideal,G,VS1,2.28,IGI,Round,8135.0
Very Good,E,SI1,0.34,IGI,Round,380.0
Super Ideal,F,VS1,3.01,IGI,Emerald,15370.0
Ideal,D,VS1,0.36,IGI,Round,430.0
Ideal,H,SI2,0.48,IGI,Oval,440.0
Ideal,F,SI1,1.6,IGI,Emerald,3560.0
Very Good,F,VS1,0.31,IGI,Round,370.0
Ideal,E,SI1,0.7,IGI,Pear,983.33
Good,E,VS1,0.36,IGI,Oval,370.0
Super Ideal,G,VVS2,0.73,IGI,Round,1155.0
Super Ideal,E,VS1,1.21,IGI,Round,2835.0
Ideal,G,SI1,2.01,IGI,Princess,5165.0
Ideal,G,SI1,1.21,IGI,Round,2090.0
Very Good,F,VVS2,1.07,IGI,Emerald,2480.0
Super Ideal,H,VS2,0.37,IGI,Round,395.0
Very Good,E,VVS1,0.71,GCAL,Pear,1330.0
Very Good,F,VS2,1.2,IGI,Oval,2530.0
Super Ideal,E,VS1,1.02,IGI,Oval,2360.0
Super Ideal,H,VVS2,1.19,IGI,Round,2600.0
Super Ideal,J,VS2,1.02,IGI,Round,1440.0
Super Ideal,J,VVS2,0.77,IGI,Round,860.0
Ideal,F,VS1,0.57,GCAL,Oval,700.0
Very Good,F,VS1,0.31,IGI,Oval,320.0
Super Ideal,I,VS1,1.83,IGI,Oval,4450.0
Super Ideal,J,VS1,2.3,IGI,Round,4790.0
Super Ideal,H,SI1,2.12,IGI,Round,5970.0
Super Ideal,E,VS1,2.19,GCAL,Oval,8870.0
Very Good,E,SI1,0.5,GCAL,Round,570.0
Super Ideal,E,VS2,0.38,IGI,Round,430.0
Very Good,H,VS1,0.72,IGI,Round,1210.0
Super Ideal,D,VVS2,0.33,GCAL,Round,430.0
Super Ideal,I,VS1,2.02,IGI,Round,4884.0
Super Ideal,F,VS1,0.76,IGI,Radiant,1230.0
Very Good,H,SI1,0.7,IGI,Emerald,780.0
Super Ideal,J,VVS2,1.25,IGI,Round,2050.0
Very Good,E,VS1,0.34,GCAL,Pear,350.0
Ideal,F,SI2,0.56,IGI,Oval,550.0
Ideal,E,SI2,1.02,IGI,Round,1785.0
Very Good,F,VS1,2.7,IGI,Emerald,11740.0
Super Ideal,F,VVS2,1.53,IGI,Round,5330.0
Ideal,F,SI1,1.0,IGI,Oval,1810.0
Very Good,J,VS2,1.64,IGI,Oval,2510.0
Ideal,F,VS1,1.16,IGI,Round,2900.0
Very Good,E,VS2,1.71,GCAL,Oval,5280.0
Very Good,F,VS1,2.01,IGI,Oval,7960.0
Very Good,H,VS1,1.52,IGI,Oval,3600.0
Super Ideal,D,VS1,0.34,IGI,Oval,360.0
Super Ideal,G,SI1,1.32,IGI,Round,2440.0
Ideal,D,VS1,1.42,IGI,Round,4480.0
Super Ideal,F,VS2,1.07,GCAL,Round,2240.0
Super Ideal,E,SI1,0.44,GCAL,Round,500.0
Ideal,I,SI2,1.32,IGI,Round,1770.0
Super Ideal,F,VS2,0.35,IGI,Pear,350.0
Very Good,J,VS2,0.76,IGI,Emerald,730.0
Super Ideal,I,VS1,2.1,IGI,Round,5043.33
Ideal,H,VS1,2.16,GCAL,Oval,5660.0
Ideal,D,VVS1,1.5,IGI,Round,8260.0
Ideal,H,VS2,0.42,IGI,Round,450.0
Ideal,G,VVS2,0.61,IGI,Pear,720.0
Super Ideal,H,SI1,3.54,IGI,Round,12910.0
Ideal,D,VS1,0.32,IGI,Oval,340.0
Ideal,F,VS2,0.7,GCAL,Emerald,1050.0
Very Good,D,IF,0.52,IGI,Oval,800.0
Ideal,G,VS1,2.2,IGI,Round,7530.0
Super Ideal,G,VVS1,0.76,IGI,Round,1280.0
Ideal,G,VVS2,0.93,GCAL,Pear,1640.0
Ideal,E,SI1,2.12,IGI,Oval,6810.0
Ideal,F,SI1,0.38,IGI,Oval,370.0
Ideal,E,VS1,2.01,IGI,Radiant,7870.0
Ideal,E,VS1,1.1,IGI,Oval,2535.0
Ideal,G,VS1,1.2,IGI,Round,2564.0
Ideal,H,VS2,2.14,IGI,Oval,5310.0
Ideal,H,VVS2,2.01,IGI,Cushion,5890.0
Super Ideal,G,VS1,2.05,IGI,Round,7691.43
Ideal,H,VS1,3.11,GCAL,Cushion,13150.0
Ideal,I,VS2,2.03,IGI,Round,4873.33
Ideal,I,SI2,0.95,IGI,Round,1650.0
Very Good,E,VS2,0.63,GCAL,Emerald,760.0
Ideal,J,VS1,1.85,IGI,Round,3250.0
Super Ideal,H,VS1,0.71,IGI,Princess,1070.0
Super Ideal,E,VS2,0.51,IGI,Oval,620.0
Ideal,H,VS2,1.02,IGI,Marquise,1710.0
Very Good,I,VVS2,0.44,IGI,Cushion,430.0
Very Good,E,VS2,1.59,IGI,Cushion,4190.0
Very Good,D,VS1,0.65,IGI,Round,1020.0
Very Good,H,SI1,0.38,IGI,Emerald,360.0
Ideal,G,SI1,1.3,IGI,Round,2410.0
Super Ideal,E,VS1,2.6,IGI,Cushion,11700.0
Very Good,E,VVS1,0.73,IGI,Oval,1380.0
Very Good,G,VS2,2.2,GCAL,Cushion,6815.0
Ideal,G,VVS1,1.51,IGI,Round,5110.0
Very Good,H,SI1,2.1,GCAL,Emerald,6160.0
Ideal,H,VS1,0.91,IGI,Princess,1520.0
Super Ideal,H,VS1,1.01,IGI,Round,2100.0
Ideal,I,SI2,1.53,IGI,Oval,2610.0
Super Ideal,I,VS2,1.54,GCAL,Round,3005.0
Super Ideal,D,VS1,0.62,IGI,Round,990.0
Ideal,G,VVS2,2.01,IGI,Round,7960.0
Ideal,H,VVS2,0.82,IGI,Round,1140.0
Super Ideal,G,VVS2,0.79,IGI,Oval,1200.0
Ideal,H,SI1,0.57,IGI,Round,645.0
Super Ideal,J,SI1,2.45,IGI,Oval,4780.0
Ideal,I,VS2,2.05,IGI,Pear,5150.0
Ideal,G,VS2,1.02,IGI,Princess,2020.0
Ideal,H,SI1,1.87,GCAL,Princess,4160.0
Super Ideal,G,VVS2,1.62,IGI,Round,4685.0
Very Good,E,VS1,0.44,IGI,Cushion,460.0
Ideal,D,SI1,0.87,IGI,Round,1260.0
Ideal,F,VVS2,0.32,IGI,Round,370.0
Very Good,D,SI2,0.71,IGI,Oval,950.0
Ideal,E,VS2,1.15,IGI,Round,2350.0
Super Ideal,I,VS2,2.07,IGI,Oval,5006.67
Ideal,I,VS1,1.7,IGI,Princess,3280.0
Very Good,E,VVS2,0.3,IGI,Cushion,330.0
Ideal,E,SI1,0.92,IGI,Princess,1770.0
Super Ideal,G,SI1,2.15,IGI,Round,5565.0
Super Ideal,I,SI1,1.87,IGI,Round,3520.0
Ideal,E,VVS2,0.33,IGI,Oval,350.0
Very Good,I,VS2,2.09,GCAL,Princess,3990.0
Very Good,H,VS1,1.53,IGI,Heart,4520.0
Ideal,J,VS2,2.05,GCAL,Round,4600.0
Very Good,H,VVS2,0.32,IGI,Cushion,320.0
Super Ideal,I,SI1,1.02,IGI,Oval,1475.0
Ideal,F,VS1,1.04,IGI,Round,2430.0
Ideal,E,SI2,1.05,IGI,Cushion,1690.0
Ideal,G,VS2,1.53,IGI,Cushion,3570.0
Very Good,E,SI2,0.46,IGI,Round,510.0
Ideal,E,VVS2,0.5,IGI,Round,800.0
Good,F,VS2,1.1,IGI,Cushion,2130.0
Ideal,F,VS1,0.34,IGI,Oval,340.0
Very Good,J,VS1,0.91,IGI,Emerald,1100.0
Ideal,F,VS1,2.21,IGI,Princess,9440.0
Super Ideal,F,VS2,1.07,IGI,Round,2073.33
Good,I,SI1,0.65,IGI,Pear,610.0
Very Good,J,VVS1,1.09,IGI,Pear,1730.0
Ideal,E,VS1,0.41,GCAL,Round,480.0
Ideal,H,VVS2,0.56,IGI,Pear,610.0
Very Good,D,VVS2,0.34,IGI,Oval,370.0
Very Good,H,VS1,0.99,GCAL,Oval,1590.0
Ideal,G,VS2,2.12,GCAL,Oval,6560.0
Super Ideal,F,VS1,2.17,IGI,Round,8690.0
Very Good,E,VS2,1.59,GCAL,Cushion,4340.0
Super Ideal,F,VS1,1.71,IGI,Princess,5300.0
Very Good,D,VS1,0.72,GCAL,Emerald,1320.0
Very Good,J,VS2,2.0,IGI,Round,3695.0
Very Good,F,VS1,1.54,IGI,Pear,4660.0
Very Good,E,SI2,0.42,IGI,Round,460.0
Super Ideal,J,VVS1,1.0,IGI,Princess,1610.0
Good,F,VS2,0.4,IGI,Pear,410.0
Ideal,G,VS1,1.5,GCAL,Heart,3980.0
Ideal,I,VVS2,1.12,IGI,Round,1833.08
Super Ideal,H,SI1,0.76,IGI,Oval,870.0
Very Good,D,VS1,0.55,IGI,Round,850.0
Ideal,F,VVS2,1.21,IGI,Round,3185.0
Ideal,F,VS2,0.33,IGI,Pear,330.0
Ideal,G,VS2,1.01,IGI,Oval,1900.0
Good,I,VS2,0.32,IGI,Pear,300.0
Super Ideal,E,VS2,1.02,IGI,Radiant,2160.0
Ideal,D,VVS2,0.6,IGI,Round,1070.0
Good,F,SI1,0.8,IGI,Cushion,1050.0
Super Ideal,J,SI1,1.29,IGI,Round,1500.0
Super Ideal,G,VS1,1.09,GCAL,Round,2180.0
Super Ideal,E,VS1,0.83,IGI,Oval,1400.0
Ideal,J,SI1,2.02,GCAL,Round,3510.0
Ideal,H,VS1,0.51,IGI,Round,646.67
Ideal,H,VS1,1.74,IGI,Round,4210.0
Ideal,J,SI1,0.93,IGI,Emerald,940.0
Super Ideal,I,SI1,1.57,IGI,Round,2645.0
Ideal,F,VS1,1.05,IGI,Emerald,2210.0
Ideal,I,SI1,2.02,GCAL,Emerald,4960.0
Ideal,I,SI1,2.09,IGI,Oval,4550.0
Ideal,E,VS1,1.18,GCAL,Oval,2740.0
Very Good,F,VS1,3.0,IGI,Emerald,15320.0
Super Ideal,F,VS2,2.53,IGI,Round,10125.0
Ideal,J,VS2,1.19,GCAL,Round,1570.0
Super Ideal,H,VS2,1.14,IGI,Round,2170.0
Ideal,E,SI1,1.32,GCAL,Asscher,2780.0
Super Ideal,H,VS2,1.0,IGI,Round,2070.0
Very Good,F,VS1,1.51,GCAL,Princess,4410.0
Ideal,G,VS2,1.0,IGI,Princess,1890.0
Ideal,G,VS2,1.2,GCAL,Pear,2220.0
Good,I,VS1,0.7,IGI,Round,830.0
Ideal,H,VS2,1.58,GCAL,Oval,3620.0
Very Good,I,VS2,1.52,GCAL,Emerald,3380.0
Good,F,SI1,1.01,IGI,Asscher,1650.0
Super Ideal,E,VS1,0.93,IGI,Round,2040.0
Super Ideal,I,VS2,1.05,IGI,Oval,1420.0
Ideal,E,SI1,0.76,IGI,Round,1090.0
Very Good,H,SI1,1.69,GCAL,Heart,3790.0
Ideal,E,VVS2,0.38,IGI,Oval,400.0
Ideal,G,VS2,2.02,GCAL,Princess,7220.0
Good,E,SI1,3.01,IGI,Cushion,10750.0
Ideal,H,VS2,0.97,IGI,Emerald,1450.0
Ideal,I,SI1,1.91,IGI,Round,3360.0
Super Ideal,E,VS2,0.35,IGI,Round,400.0
Very Good,F,SI1,0.8,GCAL,Oval,1060.0
Super Ideal,D,VVS2,0.5,IGI,Oval,810.0
Ideal,G,VS2,2.06,IGI,Princess,6435.0
Ideal,H,VS1,2.38,IGI,Round,7720.0
Very Good,E,SI1,0.41,IGI,Round,460.0
Super Ideal,G,VVS2,2.04,IGI,Round,8263.33
Very Good,H,SI2,1.0,IGI,Pear,1390.0
Super Ideal,F,SI1,0.5,IGI,Round,700.0
Very Good,E,SI1,0.81,IGI,Oval,1120.0
Ideal,D,VS1,0.37,IGI,Oval,390.0
Super Ideal,E,SI1,2.0,IGI,Round,6760.0
Ideal,E,VS2,0.46,IGI,Round,550.0
Good,E,SI2,0.63,IGI,Round,690.0
Ideal,J,VS2,2.23,IGI,Oval,4580.0
Very Good,D,SI1,0.31,IGI,Oval,320.0
Very Good,G,VS1,0.53,GCAL,Pear,590.0
Ideal,D,SI1,1.01,IGI,Round,2045.0
Ideal,F,VS1,0.81,GCAL,Pear,1310.0
Ideal,H,VVS2,2.03,IGI,Round,7000.0
Ideal,G,VS2,2.02,IGI,Pear,7460.0
Super Ideal,D,SI2,1.3,IGI,Round,2410.0
Super Ideal,D,VS2,1.01,IGI,Round,2255.56
Very Good,E,SI2,1.1,IGI,Cushion,1610.0
Very Good,E,VS2,0.43,IGI,Cushion,440.0
Super Ideal,G,VS1,1.5,IGI,Marquise,4350.0
Ideal,H,VS1,1.01,IGI,Pear,1740.0
Super Ideal,F,VS2,2.02,IGI,Oval,7460.0
Ideal,F,SI1,0.7,IGI,Oval,925.0
Ideal,I,VS1,1.72,IGI,Round,3525.0
Ideal,G,VS2,1.07,IGI,Round,2110.0
Ideal,E,VS1,0.67,IGI,Emerald,860.0
Super Ideal,I,VS1,0.51,IGI,Cushion,500.0
Super Ideal,F,VS1,3.21,GCAL,Princess,16480.0
Super Ideal,F,VS1,1.08,IGI,Princess,2323.33
Very Good,G,VS2,1.07,GCAL,Oval,2390.0
Super Ideal,G,VS1,0.32,IGI,Oval,320.0
Super Ideal,I,SI2,2.12,IGI,Oval,4350.0
Super Ideal,I,SI2,2.07,IGI,Oval,4620.0
Ideal,F,VS1,1.55,GCAL,Cushion,4510.0
Ideal,F,VVS2,1.08,IGI,Round,2853.0
Super Ideal,F,VS1,1.51,IGI,Round,4570.0
Ideal,I,VS2,2.12,IGI,Oval,4955.0
Ideal,I,SI2,2.22,IGI,Oval,4190.0
Ideal,G,VS2,1.7,GCAL,Round,4480.0
Super Ideal,E,VVS1,2.23,GCAL,Pear,10160.0
Ideal,F,SI1,3.13,GCAL,Emerald,11600.0
Super Ideal,G,SI1,0.91,IGI,Radiant,1480.0
Very Good,E,VVS2,0.64,IGI,Oval,860.0
Super Ideal,G,VS1,1.02,IGI,Princess,2090.0
Ideal,I,SI1,0.91,IGI,Oval,1260.0
Super Ideal,G,VVS2,1.41,IGI,Round,3630.0
Super Ideal,H,VS2,2.65,IGI,Round,8070.0
Super Ideal,F,VVS1,0.3,IGI,Oval,320.0
Super Ideal,H,VS1,2.23,IGI,Round,6730.0
Super Ideal,I,VS1,3.02,IGI,Princess,9570.0
Very Good,G,VS2,4.02,IGI,Emerald,18360.0
Ideal,H,SI2,0.81,IGI,Round,930.0
Ideal,I,VS2,2.71,IGI,Round,8540.0
Super Ideal,G,SI1,0.72,IGI,Oval,910.0
Good,E,SI1,0.8,IGI,Cushion,1090.0
Ideal,I,SI1,1.87,IGI,Round,3550.0
Ideal,F,SI1,0.8,IGI,Pear,1040.0
Very Good,E,VS2,0.51,IGI,Round,630.0
Ideal,H,VS1,0.75,IGI,Pear,1055.0
Super Ideal,D,VS2,0.69,IGI,Oval,960.0
Super Ideal,D,VS1,0.69,IGI,Pear,1030.0
Ideal,D,VS2,0.35,GCAL,Marquise,470.0
Ideal,E,VS2,0.53,IGI,Round,690.0
Super Ideal,D,VS1,0.53,IGI,Oval,780.0
Ideal,F,VS2,0.3,IGI,Pear,300.0
Ideal,G,VS1,0.57,IGI,Pear,645.0
Super Ideal,J,SI2,2.08,IGI,Oval,3825.0
Ideal,G,VS1,1.04,IGI,Cushion,2130.0
Ideal,E,VS2,1.55,IGI,Round,4560.0
Very Good,E,VS1,1.22,IGI,Oval,2840.0
Ideal,I,SI1,1.18,IGI,Round,1950.0
Ideal,I,SI1,1.16,IGI,Emerald,1480.0
Super Ideal,F,VS1,1.22,IGI,Round,3030.0
Very Good,D,VS2,0.92,GCAL,Oval,1640.0
Ideal,I,VS2,2.09,IGI,Heart,4430.0
Ideal,J,SI1,0.91,GCAL,Emerald,1050.0
Ideal,F,VS1,0.37,IGI,Cushion,380.0
Super Ideal,J,VVS1,0.57,IGI,Round,640.0
Ideal,G,VS1,1.09,GCAL,Round,2190.0
Super Ideal,G,SI1,1.6,IGI,Round,3557.5
Super Ideal,E,VS2,0.41,IGI,Round,470.0
Very Good,G,VS1,0.5,GCAL,Pear,560.0
Very Good,E,VS2,0.9,IGI,Radiant,1510.0
Super Ideal,F,VVS2,1.35,IGI,Round,3765.0
Ideal,I,VS1,0.42,IGI,Pear,410.0
Super Ideal,H,VS1,0.8,IGI,Round,1470.0
Ideal,H,VS2,1.54,IGI,Round,3725.0
Ideal,E,VVS2,0.43,IGI,Oval,470.0
Very Good,G,VS1,0.49,IGI,Oval,540.0
Good,E,VVS1,2.26,IGI,Oval,10570.0
Very Good,J,VS2,2.05,GCAL,Pear,4210.0
Ideal,J,VS1,1.18,IGI,Round,1717.27
Very Good,I,VS1,2.02,GCAL,Round,4910.0
Super Ideal,I,SI1,2.09,IGI,Oval,4640.0
Ideal,G,VVS2,0.51,IGI,Pear,590.0
Ideal,D,VS2,0.5,IGI,Round,742.0
Ideal,E,VS1,2.53,GCAL,Emerald,11370.0
Ideal,I,VS1,0.59,IGI,Pear,590.0
Ideal,D,VS1,0.46,GCAL,Marquise,510.0
Super Ideal,F,VS1,0.82,IGI,Emerald,1470.0
Ideal,E,VVS2,1.19,IGI,Round,3410.0
Ideal,G,VS1,2.11,IGI,Round,7280.0
Ideal,H,SI1,0.92,IGI,Cushion,1460.0
Super Ideal,D,VS1,1.05,IGI,Round,2813.33
Super Ideal,F,VS2,1.82,IGI,Princess,5010.0
Very Good,D,VVS2,2.02,IGI,Oval,10030.0
Very Good,G,VVS2,2.22,GCAL,Cushion,7560.0
Super Ideal,G,VS1,1.23,IGI,Oval,2560.0
Super Ideal,G,SI2,0.44,IGI,Round,460.0
Ideal,F,VVS2,1.55,IGI,Princess,4850.0
Ideal,H,VS1,1.07,GCAL,Round,1990.0
Super Ideal,F,VS2,2.19,IGI,Oval,7130.0
Ideal,J,VS2,2.1,IGI,Round,3822.5
Super Ideal,G,VS1,0.76,IGI,Princess,1510.0
Super Ideal,I,SI1,1.59,IGI,Round,3530.0
Ideal,J,SI2,1.71,IGI,Oval,2540.0
Ideal,F,VVS2,3.05,IGI,Cushion,16660.0
Super Ideal,E,VVS2,0.55,IGI,Pear,740.0
Very Good,G,VS1,2.33,IGI,Oval,7820.0
Very Good,F,VS1,0.46,IGI,Oval,470.0
Super Ideal,I,SI2,1.5,IGI,Emerald,2260.0
Ideal,F,VS1,0.9,IGI,Round,1794.55
Ideal,F,SI2,0.53,IGI,Oval,530.0
Very Good,H,VS1,0.3,IGI,Pear,300.0
Very Good,E,SI2,0.44,IGI,Oval,440.0
Super Ideal,H,VS2,0.34,IGI,Pear,330.0
Very Good,D,VS2,0.54,IGI,Pear,780.0
Good,E,SI1,1.13,IGI,Cushion,1930.0
Ideal,H,VS2,2.4,IGI,Emerald,5990.0
Ideal,H,VS1,2.12,IGI,Round,6420.0
Ideal,H,SI1,1.01,IGI,Pear,1537.14
Good,E,VS1,0.54,IGI,Pear,700.0
Ideal,I,VVS1,1.12,IGI,Round,2130.0
Super Ideal,I,VS2,1.76,IGI,Round,3290.0
Ideal,G,VVS1,0.78,IGI,Cushion,1360.0
Super Ideal,G,VVS1,1.6,IGI,Princess,4790.0
Very Good,H,VVS2,0.49,IGI,Emerald,490.0
Super Ideal,I,VS1,2.04,GCAL,Round,5020.0
Ideal,J,VS2,1.24,IGI,Round,1802.86
Ideal,H,SI1,1.01,GCAL,Round,2090.0
Very Good,J,SI2,1.12,IGI,Round,1550.0
Super Ideal,D,VVS2,0.57,IGI,Oval,930.0
Ideal,J,VS2,1.27,IGI,Round,1950.0
Super Ideal,E,VS2,0.95,IGI,Round,1840.0
Ideal,H,VS2,2.07,IGI,Asscher,6350.0
Very Good,F,VS2,0.52,IGI,Pear,576.67
Very Good,I,VS1,2.21,GCAL,Round,5410.0
Very Good,G,VS2,0.79,GCAL,Oval,1220.0
Very Good,D,VS1,0.42,IGI,Pear,465.0
Ideal,E,SI2,1.34,IGI,Round,2220.0
Very Good,F,SI1,0.7,IGI,Oval,935.0
Super Ideal,E,VVS2,1.19,IGI,Round,3370.0
Very Good,H,VVS2,0.94,IGI,Oval,1480.0
Super Ideal,E,VVS1,2.16,GCAL,Round,18030.0
Very Good,J,SI2,0.84,IGI,Emerald,780.0
Ideal,F,VS1,1.54,GCAL,Marquise,5230.0
Super Ideal,H,SI1,1.55,IGI,Round,2956.67
Very Good,G,VS1,0.61,IGI,Pear,690.0
Super Ideal,E,VS2,1.02,GCAL,Round,2280.0
Very Good,E,VS2,0.36,GCAL,Pear,370.0
Super Ideal,F,VS1,1.55,IGI,Oval,4580.0
Super Ideal,F,SI2,0.29,IGI,Round,310.0
Super Ideal,I,VS1,2.56,IGI,Radiant,6370.0
Very Good,H,VS1,2.39,GCAL,Princess,6230.0
Very Good,G,VS2,0.37,IGI,Pear,360.0
Ideal,E,SI1,3.14,GCAL,Cushion,16530.0
Ideal,F,SI1,1.29,IGI,Princess,2320.0
Ideal,H,SI1,0.57,IGI,Oval,560.0
Very Good,D,VS2,1.02,IGI,Emerald,2310.0
Very Good,E,SI1,0.4,IGI,Oval,400.0
Ideal,D,SI2,0.58,IGI,Round,660.0
Very Good,H,SI2,2.29,GCAL,Oval,6280.0
Super Ideal,F,VS1,1.3,IGI,Round,3137.5
Super Ideal,G,SI2,0.88,IGI,Princess,1120.0
Super Ideal,G,SI2,2.52,IGI,Round,7200.0
Super Ideal,E,VVS2,2.04,IGI,Oval,8790.0
Ideal,F,VS2,1.51,IGI,Emerald,3840.0
Very Good,I,VS1,0.53,IGI,Pear,520.0
Super Ideal,I,VS2,2.16,IGI,Round,4850.0
Very Good,I,VS2,4.01,GCAL,Radiant,18770.0
Ideal,I,VS1,1.0,IGI,Emerald,1510.0
Ideal,G,VVS2,1.71,IGI,Round,5320.0
Ideal,E,VS2,3.01,GCAL,Princess,14750.0
Super Ideal,F,VS1,1.11,GCAL,Round,2720.0
Ideal,J,VS1,0.71,IGI,Pear,750.0
Super Ideal,F,VVS2,1.13,IGI,Round,2956.0
Very Good,D,SI2,0.3,IGI,Oval,300.0
Ideal,G,SI1,1.26,IGI,Princess,2110.0
Super Ideal,E,VS2,0.78,IGI,Princess,1310.0
Super Ideal,J,VS2,2.03,IGI,Oval,4131.11
Ideal,J,VS2,2.01,IGI,Asscher,3330.0
Very Good,D,VVS2,0.53,IGI,Round,950.0
Very Good,F,SI1,0.51,IGI,Pear,520.0
Ideal,G,VS2,1.5,GCAL,Cushion,3490.0
Ideal,J,SI2,1.08,IGI,Pear,1100.0
Ideal,D,VS1,1.02,IGI,Round,2620.0
Very Good,I,VS2,1.53,GCAL,Cushion,3400.0
Ideal,H,VS2,3.07,IGI,Princess,12960.0
Ideal,I,SI1,1.55,IGI,Oval,2871.67
Super Ideal,G,SI1,1.08,IGI,Round,2010.0
Ideal,D,SI2,1.04,IGI,Asscher,1730.0
Ideal,I,VS2,0.62,IGI,Oval,610.0
Ideal,G,VS1,2.28,IGI,Round,8970.0
Very Good,G,VVS2,0.32,IGI,Cushion,320.0
Ideal,F,VS2,3.06,IGI,Radiant,13350.0
Super Ideal,I,VVS2,1.1,IGI,Princess,1930.0
Ideal,G,SI1,2.67,IGI,Radiant,7900.0
Very Good,E,SI1,1.6,GCAL,Radiant,3970.0
Ideal,G,VS1,1.4,IGI,Round,3260.0
Ideal,F,VS1,0.8,IGI,Round,1220.0
Ideal,J,VS1,0.9,IGI,Round,1270.0
Super Ideal,F,SI2,1.91,IGI,Round,4850.0
Super Ideal,G,VS1,0.5,IGI,Oval,645.0
Ideal,I,SI1,0.75,IGI,Pear,820.0
Ideal,G,VS1,0.79,IGI,Pear,1280.0
Ideal,E,VS1,3.15,GCAL,Emerald,17370.0
Very Good,G,VS2,1.16,IGI,Round,2630.0
Ideal,D,VVS2,0.68,IGI,Round,1210.0
Ideal,H,VVS2,0.8,IGI,Princess,1270.0
Super Ideal,I,VS2,0.51,GCAL,Round,540.0
Good,F,VS2,0.61,IGI,Oval,670.0
Super Ideal,F,VVS2,1.32,IGI,Round,3715.0
Very Good,G,VS1,0.41,IGI,Pear,410.0
Super Ideal,E,SI1,0.37,IGI,Pear,370.0
Ideal,E,VS2,0.59,IGI,Pear,713.33
Ideal,F,VS2,1.01,GCAL,Round,1960.0
Super Ideal,I,VS2,1.64,IGI,Oval,3370.0
Very Good,E,SI1,0.6,IGI,Cushion,620.0
Super Ideal,J,SI2,2.15,IGI,Round,4160.0
Ideal,H,SI1,2.03,GCAL,Princess,4450.0
Very Good,D,VS1,2.21,IGI,Emerald,10830.0
Ideal,J,VS1,0.34,IGI,Pear,320.0
Ideal,F,VVS2,0.78,GCAL,Oval,1280.0
Very Good,G,VS1,0.59,IGI,Oval,660.0
Super Ideal,F,VS1,3.5,IGI,Cushion,17630.0
Ideal,J,VS1,1.1,IGI,Round,1745.0
Super Ideal,G,SI2,1.64,IGI,Round,2660.0
Ideal,D,SI2,0.81,IGI,Round,1040.0
Ideal,G,VS1,1.32,IGI,Round,2890.0
Very Good,D,VS1,1.0,IGI,Marquise,2640.0
Super Ideal,E,VS1,1.13,GCAL,Round,2700.0
Ideal,G,VS2,1.92,GCAL,Cushion,5610.0
Very Good,H,VS2,2.02,IGI,Oval,5500.0
Very Good,I,VS1,2.01,IGI,Round,4850.0
Super Ideal,E,VVS2,0.51,GCAL,Round,730.0
Super Ideal,I,VS1,2.02,GCAL,Round,5790.0
Ideal,J,VS2,1.03,IGI,Emerald,1160.0
Super Ideal,J,VS1,2.0,IGI,Round,3948.75
Ideal,F,VS2,0.51,IGI,Pear,570.0
Very Good,E,SI2,0.51,IGI,Round,565.0
Very Good,E,SI1,0.33,IGI,Oval,330.0
Super Ideal,D,VS2,1.08,IGI,Round,2390.0
Super Ideal,I,SI2,2.0,IGI,Round,3890.0
Super Ideal,G,VS2,2.26,IGI,Round,6800.0
Very Good,I,SI1,1.03,IGI,Pear,1315.0
Ideal,D,SI1,0.59,IGI,Heart,710.0
Ideal,E,SI1,0.9,GCAL,Oval,1490.0
Super Ideal,J,VS1,1.35,IGI,Round,2130.0
Super Ideal,F,VS1,2.02,IGI,Round,8235.0
Ideal,G,VS2,0.75,IGI,Cushion,1070.0
Ideal,E,VS2,2.33,GCAL,Emerald,8430.0
Ideal,I,SI1,2.17,IGI,Oval,4730.0
Ideal,G,SI1,1.93,GCAL,Princess,4510.0
Ideal,H,VS2,0.74,IGI,Marquise,1050.0
Ideal,H,SI2,3.01,IGI,Emerald,7430.0
Good,H,VS2,0.38,IGI,Cushion,360.0
Ideal,H,VS2,0.43,GCAL,Marquise,420.0
Super Ideal,E,VVS2,2.41,GCAL,Round,13860.0
Very Good,F,VS1,2.28,GCAL,Emerald,8470.0
Ideal,D,SI2,0.34,IGI,Round,380.0
Ideal,H,SI1,1.06,IGI,Marquise,1760.0
Ideal,G,VS2,0.73,GCAL,Emerald,1010.0
Very Good,E,VS2,0.6,IGI,Oval,730.0
Ideal,D,SI2,0.51,GCAL,Heart,550.0
Super Ideal,I,VS1,0.54,IGI,Cushion,530.0
Super Ideal,F,VS1,3.07,IGI,Emerald,15720.0
Very Good,I,VS2,2.19,GCAL,Oval,4730.0
Super Ideal,H,SI1,1.3,IGI,Oval,2290.0
Ideal,I,SI2,1.65,IGI,Oval,2856.67
Ideal,D,VS1,0.59,GCAL,Marquise,880.0
Super Ideal,I,VVS2,1.06,IGI,Round,1840.0
Ideal,I,VS2,1.86,IGI,Oval,3800.0
Very Good,D,VS2,1.2,IGI,Round,2710.0
Super Ideal,D,SI2,0.8,IGI,Round,1080.0
Super Ideal,F,VS1,2.68,IGI,Round,12560.0
Very Good,E,SI1,0.73,GCAL,Emerald,1020.0
Super Ideal,G,SI1,0.72,IGI,Marquise,1010.0
Very Good,G,SI2,1.06,IGI,Cushion,1440.0
Super Ideal,I,VVS2,0.32,IGI,Round,350.0
Very Good,G,VVS2,1.71,IGI,Princess,5270.0
Ideal,E,VS2,0.78,IGI,Oval,1220.0
Super Ideal,F,VVS2,0.46,IGI,Round,540.0
Ideal,G,VS1,1.22,IGI,Princess,2490.0
Ideal,G,VVS2,0.72,IGI,Round,1125.0
Very Good,H,VS1,1.53,GCAL,Princess,3550.0
Super Ideal,G,VS1,0.33,IGI,Oval,330.0
Ideal,H,VVS2,1.05,IGI,Round,2101.67
Very Good,E,SI2,0.76,GCAL,Emerald,900.0
Super Ideal,J,SI2,0.8,IGI,Emerald,740.0
Super Ideal,G,VS2,2.5,IGI,Pear,9530.0
Very Good,H,VVS2,1.02,IGI,Heart,1830.0
Ideal,J,VS2,2.06,IGI,Asscher,3480.0
Ideal,F,VVS2,2.01,IGI,Round,10067.5
Ideal,H,SI1,2.17,IGI,Round,5080.0
Ideal,F,VS1,0.53,IGI,Pear,642.5
Very Good,J,SI1,0.54,IGI,Cushion,510.0
Very Good,J,SI2,2.07,IGI,Oval,3880.0
Super Ideal,G,VS1,1.53,IGI,Emerald,4030.0
Ideal,E,VS1,2.82,GCAL,Emerald,13970.0
Ideal,I,SI1,2.2,IGI,Oval,4790.0
Ideal,I,VVS1,0.7,IGI,Round,890.0
Super Ideal,H,SI1,2.41,IGI,Round,7310.0
Ideal,H,VS1,2.09,IGI,Round,6800.0
Good,E,SI1,0.71,IGI,Emerald,980.0
Super Ideal,D,VVS2,0.63,IGI,Pear,1020.0
Ideal,I,VS1,1.53,IGI,Pear,3090.0
Very Good,D,SI1,0.36,IGI,Round,410.0
Ideal,H,VS1,2.21,IGI,Princess,5470.0
Very Good,E,SI1,1.12,IGI,Cushion,1910.0
Ideal,F,VS1,1.63,IGI,Round,4880.0
Ideal,I,VS2,0.81,IGI,Pear,880.0
Ideal,E,VS1,2.51,IGI,Cushion,11890.0
Super Ideal,H,VS2,1.29,IGI,Round,2200.0
Ideal,J,VS1,3.06,IGI,Princess,9400.0
Super Ideal,D,SI1,1.51,IGI,Round,3980.0
Super Ideal,H,VS1,1.36,IGI,Round,2610.0
Ideal,E,VS2,1.16,IGI,Round,2495.0
Very Good,F,VS1,0.6,IGI,Oval,720.0
Very Good,E,SI1,0.5,GCAL,Cushion,520.0
Very Good,F,SI2,0.93,GCAL,Emerald,1330.0
Super Ideal,E,VS1,0.53,IGI,Princess,690.0
Very Good,J,SI1,2.08,GCAL,Cushion,4130.0
Super Ideal,I,SI1,1.52,IGI,Oval,2839.0
Ideal,E,VS2,0.81,IGI,Emerald,1250.0
Ideal,G,VS1,1.64,IGI,Round,4250.0
Super Ideal,D,SI2,0.39,IGI,Round,430.0
Very Good,F,SI1,1.07,IGI,Cushion,1770.0
Ideal,F,SI1,1.51,GCAL,Cushion,3445.0
Ideal,J,SI2,2.2,IGI,Oval,4020.0
Super Ideal,E,VS1,1.57,IGI,Princess,5000.0
Ideal,D,VS2,0.82,IGI,Round,1530.0
Ideal,E,VVS2,1.7,IGI,Oval,6410.0
Very Good,E,SI1,1.53,GCAL,Cushion,3700.0
Very Good,J,SI1,2.07,GCAL,Round,3590.0
Super Ideal,E,VS1,0.71,IGI,Radiant,1200.0
Very Good,G,SI2,1.06,IGI,Pear,1880.0
Good,J,VS2,0.51,IGI,Pear,480.0
Super Ideal,H,VS2,2.62,IGI,Emerald,7410.0
Ideal,I,SI2,0.66,IGI,Round,670.0
Ideal,G,SI1,1.13,GCAL,Round,1940.0
Very Good,H,VS2,2.42,GCAL,Oval,6240.0
Very Good,G,VS2,0.36,IGI,Pear,350.0
Good,E,VS1,1.04,IGI,Cushion,2370.0
Very Good,G,VS1,0.57,GCAL,Oval,650.0
Super Ideal,F,VVS2,0.76,IGI,Emerald,1250.0
Super Ideal,F,VS1,0.3,IGI,Pear,310.0
Very Good,E,SI1,0.35,IGI,Pear,350.0
Ideal,H,SI2,2.01,GCAL,Oval,4340.0
Ideal,I,VS2,1.08,IGI,Oval,1536.67
Very Good,H,VS2,1.41,GCAL,Marquise,2630.0
Very Good,I,VS1,0.52,IGI,Cushion,520.0
Ideal,E,SI2,0.89,IGI,Round,1120.0
Very Good,J,VS2,1.01,IGI,Emerald,1138.0
Super Ideal,I,VS2,0.94,IGI,Princess,1800.0
Super Ideal,E,SI2,1.36,IGI,Round,2370.0
Ideal,F,VS2,3.02,IGI,Round,16310.0
Super Ideal,G,VS1,3.0,IGI,Round,16340.0
Good,F,VVS2,0.3,IGI,Cushion,310.0
Super Ideal,D,VVS2,3.03,IGI,Emerald,19780.0
Super Ideal,J,VS1,0.83,IGI,Princess,890.0
Super Ideal,E,VS1,3.12,IGI,Pear,19030.0
Super Ideal,D,VVS2,2.1,GCAL,Round,11910.0
Ideal,E,VS1,0.37,IGI,Round,430.0
Ideal,F,VVS2,0.91,IGI,Princess,1965.0
Very Good,I,VS2,2.41,GCAL,Emerald,5320.0
Very Good,I,SI2,0.51,IGI,Oval,480.0
Very Good,F,VS2,3.0,GCAL,Cushion,13620.0
Super Ideal,H,VS2,2.19,IGI,Round,5780.0
Ideal,H,VS2,1.25,IGI,Marquise,2120.0
Ideal,G,VVS2,0.92,IGI,Round,2000.0
Super Ideal,E,SI2,1.0,IGI,Round,1470.0
Ideal,E,VS2,1.89,IGI,Round,6320.0
Ideal,F,VS1,1.2,IGI,Round,2744.62
Ideal,E,SI2,0.61,IGI,Round,680.0
Super Ideal,D,VS1,0.54,IGI,Princess,810.0
Ideal,E,SI2,1.32,IGI,Round,2190.0
Ideal,G,VS2,1.03,IGI,Emerald,1980.0
Good,I,SI1,0.76,IGI,Pear,860.0
Very Good,G,VS1,0.38,IGI,Round,420.0
Ideal,E,SI1,0.74,IGI,Emerald,1020.0
Super Ideal,J,SI2,2.3,IGI,Round,3770.0
Very Good,E,VVS2,1.2,GCAL,Princess,3090.0
Ideal,G,VS2,1.51,IGI,Pear,3630.0
Very Good,D,VVS2,0.52,GCAL,Emerald,840.0
Good,E,VS2,2.01,IGI,Heart,6720.0
Super Ideal,F,VS1,0.45,IGI,Oval,460.0
Ideal,F,SI1,1.02,IGI,Pear,1880.0
Ideal,H,VS2,3.05,IGI,Oval,11120.0
Ideal,G,VS2,1.3,IGI,Pear,3460.0
Very Good,D,IF,0.7,IGI,Oval,1430.0
Ideal,E,SI1,1.03,IGI,Round,2002.5
Very Good,D,VS1,0.75,IGI,Oval,1390.0
Very Good,F,SI2,0.71,GCAL,Emerald,790.0
Ideal,G,VS2,2.46,GCAL,Oval,7970.0
Ideal,H,VVS2,2.02,IGI,Pear,6520.0
Super Ideal,D,VS2,1.53,IGI,Round,4520.0
Super Ideal,E,VVS2,1.02,IGI,Round,2916.67
Super Ideal,E,SI1,0.67,IGI,Oval,690.0
Ideal,J,VVS2,1.73,IGI,Round,3180.0
Super Ideal,E,VS2,0.49,IGI,Oval,500.0
Ideal,H,VS1,1.18,GCAL,Round,2205.0
Ideal,F,VS1,3.0,IGI,Radiant,15210.0
Ideal,J,VS2,2.25,IGI,Round,3950.0
Very Good,F,VVS2,0.58,IGI,Pear,730.0
Very Good,F,SI2,1.0,IGI,Asscher,1410.0
Very Good,F,VS2,0.46,IGI,Pear,460.0
Super Ideal,G,VS1,1.68,IGI,Oval,4580.0
Ideal,J,VS1,2.01,GCAL,Round,3950.0
Ideal,F,VS1,1.3,IGI,Princess,3100.0
Good,F,VS1,0.48,IGI,Marquise,500.0
Super Ideal,E,VS2,0.74,IGI,Pear,1160.0
Ideal,H,VVS1,1.01,IGI,Round,2240.0
Ideal,I,SI1,0.62,IGI,Pear,590.0
Super Ideal,D,VVS2,1.12,IGI,Round,3330.0
Ideal,J,VS2,2.3,IGI,Round,4550.0
Ideal,G,VS1,2.01,IGI,Cushion,6600.0
Ideal,F,VVS2,0.77,IGI,Round,1340.0
Ideal,G,SI1,0.7,IGI,Princess,980.0
Ideal,H,VVS1,1.57,IGI,Round,4360.0
Very Good,J,SI1,0.8,IGI,Radiant,760.0
Very Good,E,SI1,2.01,IGI,Round,6410.0
Super Ideal,G,VVS1,2.35,IGI,Princess,9230.0
Super Ideal,G,VVS2,1.26,IGI,Round,2990.0
Ideal,H,VS2,1.05,GCAL,Round,1800.0
Ideal,E,SI2,0.7,IGI,Oval,830.0
Very Good,F,VS2,0.52,GCAL,Emerald,580.0
Super Ideal,E,VS1,1.61,IGI,Round,5370.0
Ideal,I,SI2,1.5,IGI,Round,2291.67
Ideal,E,VS2,0.7,GCAL,Oval,1100.0
Super Ideal,H,VVS2,1.09,IGI,Round,2213.33
Ideal,D,SI1,0.45,IGI,Round,520.0
Ideal,G,VS2,2.23,GCAL,Cushion,7760.0
Ideal,I,VS2,0.57,IGI,Emerald,560.0
Ideal,G,SI1,1.25,IGI,Round,2150.0
Super Ideal,E,SI1,0.54,IGI,Round,650.0
Ideal,J,SI2,1.0,IGI,Round,1442.86
Ideal,H,SI1,3.07,IGI,Princess,11150.0
Very Good,G,SI1,3.0,IGI,Pear,11570.0
Ideal,E,SI1,2.01,GCAL,Emerald,5930.0
Very Good,G,VS1,0.92,GCAL,Pear,1470.0
Ideal,G,VS2,0.69,IGI,Marquise,710.0
Super Ideal,E,VS1,2.07,IGI,Round,9590.0
Very Good,G,VS2,0.73,IGI,Pear,1140.0
Ideal,I,VVS2,1.23,IGI,Round,2000.0
Ideal,I,VS1,1.58,IGI,Round,3130.0
Ideal,H,VVS1,2.02,IGI,Round,7460.0
Very Good,F,VVS2,0.74,IGI,Oval,1230.0
Ideal,G,VS2,2.08,IGI,Pear,7220.0
Very Good,F,VS2,0.75,GCAL,Oval,1120.0
Ideal,F,VS2,0.55,IGI,Round,640.0
Ideal,E,VVS1,0.8,IGI,Pear,1510.0
Super Ideal,D,VVS2,0.41,IGI,Oval,450.0
Super Ideal,G,VVS2,1.06,IGI,Princess,2260.0
Ideal,F,VS1,0.58,IGI,Pear,690.0
Ideal,D,VS1,0.91,IGI,Round,2045.0
Super Ideal,G,VS2,2.0,IGI,Asscher,6035.0
Ideal,J,SI2,0.7,IGI,Pear,650.0
Super Ideal,G,SI2,2.05,IGI,Cushion,6530.0
Super Ideal,G,VS2,2.23,GCAL,Emerald,6810.0
Ideal,H,SI2,1.79,IGI,Round,3280.0
Super Ideal,G,VVS2,1.05,IGI,Round,2510.0
Ideal,J,SI1,1.83,IGI,Round,2840.0
Very Good,I,VS1,2.0,IGI,Round,4837.5
Ideal,J,VS1,2.34,IGI,Round,4840.0
Super Ideal,D,VVS1,0.35,IGI,Oval,390.0
Super Ideal,F,SI1,1.52,IGI,Round,3643.33
Super Ideal,I,SI2,1.75,IGI,Oval,3105.0
Very Good,J,VVS1,0.88,IGI,Emerald,940.0
Very Good,I,VS2,2.04,GCAL,Emerald,5130.0
Very Good,G,VVS2,1.15,IGI,Princess,2440.0
Ideal,E,VS2,0.77,IGI,Emerald,1190.0
Good,D,VS1,0.41,IGI,Oval,480.0
Super Ideal,D,VS1,0.55,IGI,Oval,810.0
Very Good,E,VS1,0.4,GCAL,Pear,420.0
Ideal,G,VS2,1.15,GCAL,Round,2500.0
Ideal,D,SI2,0.54,GCAL,Radiant,580.0
Ideal,J,VS1,0.93,IGI,Pear,1040.0
Ideal,E,VS1,0.38,IGI,Oval,390.0
Very Good,J,VVS2,3.01,IGI,Oval,8100.0
Very Good,F,VVS2,0.59,IGI,Round,990.0
Very Good,E,VVS1,0.34,IGI,Round,430.0
Ideal,G,VVS2,0.51,IGI,Princess,600.0
Very Good,G,VS2,2.09,IGI,Cushion,8730.0
Very Good,D,SI1,0.32,IGI,Pear,336.67
Ideal,I,VS2,0.56,GCAL,Oval,540.0
Super Ideal,H,VS1,1.29,IGI,Round,2775.0
Very Good,E,VS1,2.31,GCAL,Marquise,11750.0
Ideal,F,VVS2,0.51,IGI,Emerald,650.0
Ideal,G,VS2,1.01,IGI,Heart,2010.0
Very Good,F,SI1,0.58,IGI,Emerald,580.0
Very Good,I,VS1,1.02,IGI,Emerald,1520.0
Ideal,E,VVS1,2.16,IGI,Oval,10110.0
Very Good,D,VS2,0.52,IGI,Oval,720.0
Ideal,G,VS1,1.03,IGI,Round,2100.0
Very Good,E,SI2,0.34,IGI,Oval,330.0
Very Good,D,VS2,0.43,IGI,Pear,450.0
Very Good,I,VVS1,1.5,IGI,Round,3255.0
Super Ideal,J,VS2,2.04,IGI,Princess,3720.0
Ideal,E,SI1,0.92,GCAL,Cushion,1520.0
Very Good,F,VVS2,0.48,IGI,Oval,500.0
Super Ideal,E,VS2,0.42,IGI,Pear,430.0
Ideal,H,VS1,1.4,IGI,Round,2940.0
Super Ideal,I,VS2,1.83,GCAL,Round,3460.0
Ideal,H,VS1,1.02,IGI,Marquise,1850.0
Super Ideal,F,VS2,1.03,IGI,Round,2000.0
Good,F,VVS1,0.31,IGI,Cushion,330.0
Very Good,D,VS2,0.46,IGI,Round,530.0
Super Ideal,F,SI1,1.27,GCAL,Round,2410.0
Good,G,SI1,0.51,IGI,Pear,510.0
Very Good,I,VVS2,0.72,GCAL,Oval,790.0
Ideal,J,VVS2,2.22,IGI,Round,4775.0
Super Ideal,E,SI1,0.47,IGI,Round,520.0
Ideal,G,VS1,1.72,IGI,Marquise,5130.0
Ideal,H,SI1,0.52,IGI,Marquise,510.0
Super Ideal,F,VS1,3.25,IGI,Cushion,17780.0
Very Good,D,VVS1,1.53,IGI,Round,8430.0
Very Good,E,SI1,1.04,IGI,Heart,1860.0
Good,D,VS2,0.41,IGI,Oval,430.0
Ideal,G,VS2,0.47,IGI,Emerald,470.0
Super Ideal,I,SI2,0.53,IGI,Round,540.0
Very Good,D,VS1,0.81,IGI,Oval,1500.0
Ideal,I,VS2,1.53,IGI,Emerald,3025.0
Ideal,G,VVS2,0.95,IGI,Princess,1930.0
Ideal,G,VVS2,1.03,IGI,Pear,2190.0
Super Ideal,J,SI1,1.7,IGI,Round,2567.5
Ideal,H,VS2,1.04,IGI,Emerald,1830.0
Super Ideal,H,VS1,1.03,IGI,Round,2100.0
Very Good,H,VS1,2.13,GCAL,Round,6530.0
Ideal,F,VS2,0.51,GCAL,Marquise,580.0
Very Good,J,VS2,2.06,GCAL,Cushion,4230.0
Super Ideal,G,VS1,0.45,IGI,Pear,450.0
Ideal,J,VS2,2.5,IGI,Oval,5253.33
Ideal,I,VS1,0.64,GCAL,Marquise,640.0
Ideal,F,VS2,3.6,GCAL,Emerald,16590.0
Super Ideal,H,VS1,1.0,IGI,Round,2095.45
Good,E,VS2,0.48,IGI,Pear,490.0
Ideal,I,SI2,2.24,IGI,Oval,4230.0
Ideal,E,VS1,3.04,GCAL,Emerald,16730.0
Very Good,I,VS1,0.74,IGI,Radiant,810.0
Ideal,E,SI1,1.08,IGI,Round,2200.0
Super Ideal,G,SI2,0.35,IGI,Round,360.0
Ideal,F,VS1,0.31,IGI,Round,350.0
Ideal,E,VVS2,0.4,IGI,Round,534.0
Very Good,D,SI1,1.0,IGI,Cushion,1920.0
Ideal,I,SI2,1.08,IGI,Pear,1230.0
Super Ideal,J,VVS2,2.16,IGI,Oval,4620.0
Very Good,F,VS1,1.05,GCAL,Pear,2260.0
Super Ideal,E,VVS2,2.15,IGI,Round,11850.0
Ideal,J,VS1,0.94,GCAL,Emerald,1080.0
Ideal,J,VVS2,2.09,IGI,Princess,4480.0
Very Good,E,VVS2,0.51,IGI,Oval,742.5
Super Ideal,D,SI1,0.4,IGI,Round,450.0
Super Ideal,E,VS1,0.78,IGI,Round,1312.5
Ideal,D,VS2,0.44,IGI,Oval,460.0
Super Ideal,I,VS1,0.33,IGI,Round,350.0
Very Good,F,VS2,1.5,GCAL,Radiant,3970.0
Super Ideal,J,SI1,1.18,IGI,Round,1800.0
Ideal,E,SI1,1.02,IGI,Cushion,2110.0
Ideal,E,VVS2,0.36,IGI,Cushion,380.0
Ideal,H,VS2,1.03,IGI,Round,2000.0
Super Ideal,J,VVS2,1.67,IGI,Round,2870.0
Very Good,E,VS1,1.02,IGI,Pear,2350.0
Ideal,I,VS2,1.7,GCAL,Cushion,3590.0
Ideal,I,VVS2,1.27,IGI,Round,2110.0
Super Ideal,I,SI1,2.1,IGI,Oval,4570.0
Ideal,H,VS2,1.19,IGI,Round,2010.0
Very Good,E,VVS1,0.4,IGI,Round,550.0
Ideal,E,VS1,0.34,IGI,Pear,350.0
Ideal,E,VS2,3.47,IGI,Oval,17050.0
Ideal,E,VS2,0.31,IGI,Pear,320.0
Super Ideal,F,SI2,1.06,IGI,Round,1665.0
Ideal,I,SI1,1.03,IGI,Emerald,1335.0
Very Good,E,VS1,0.8,IGI,Round,1330.0
Ideal,E,VS1,2.08,IGI,Oval,8345.0
Ideal,G,VVS1,1.01,IGI,Round,2670.0
Super Ideal,F,VS2,1.14,IGI,Emerald,2230.0
Very Good,J,VS1,0.7,IGI,Oval,760.0
Super Ideal,E,VS1,0.3,GCAL,Round,350.0
Super Ideal,D,SI1,0.74,IGI,Round,1050.0
Super Ideal,I,VS1,1.24,IGI,Round,1960.0
Very Good,F,VS2,0.56,IGI,Pear,900.0
Very Good,G,VS2,1.0,GCAL,Round,1870.0
Super Ideal,H,VS1,1.08,IGI,Princess,1930.0
Ideal,I,VS2,2.04,IGI,Princess,5130.0
Ideal,G,SI2,0.51,IGI,Pear,496.67
Ideal,D,VVS1,2.18,GCAL,Radiant,14890.0
Ideal,H,SI1,0.84,IGI,Princess,1040.0
Super Ideal,E,VS1,2.1,IGI,Round,9730.0
Super Ideal,I,VS2,2.15,IGI,Cushion,4480.0
Super Ideal,F,SI1,1.41,IGI,Round,3530.0
Super Ideal,G,SI1,2.3,IGI,Round,6970.0
Ideal,I,VS2,2.01,IGI,Round,4728.93
Very Good,I,SI1,2.0,GCAL,Emerald,4920.0
Ideal,G,VS2,0.46,IGI,Pear,460.0
Ideal,I,SI2,1.59,IGI,Round,2380.0
Super Ideal,G,SI1,1.55,IGI,Pear,4010.0
Super Ideal,I,SI2,1.54,IGI,Round,2570.0
Very Good,G,VS1,0.56,IGI,Oval,650.0
Very Good,H,VS1,2.11,GCAL,Heart,5540.0
Very Good,J,VS2,2.5,IGI,Oval,5320.0
Super Ideal,G,VVS2,0.41,IGI,Oval,480.0
Very Good,J,VS1,1.52,GCAL,Round,2470.0
Super Ideal,E,VS2,0.4,GCAL,Round,455.0
Super Ideal,F,VVS2,2.37,IGI,Round,12295.0
Super Ideal,F,VS1,1.59,IGI,Round,4792.86
Super Ideal,D,VS2,0.94,IGI,Round,2135.0
Super Ideal,I,VS1,1.6,IGI,Oval,3260.0
Super Ideal,H,SI1,2.02,IGI,Cushion,4540.0
Super Ideal,F,SI1,1.05,IGI,Round,1887.5
Ideal,F,VS2,1.12,IGI,Round,2180.0
Ideal,F,VS2,0.71,IGI,Emerald,1065.0
Super Ideal,H,VVS2,0.61,IGI,Round,853.33
Super Ideal,E,SI1,1.52,IGI,Round,3722.5
Super Ideal,F,VS2,0.5,IGI,Oval,566.67
Ideal,F,VS1,2.01,IGI,Oval,8396.67
Ideal,H,VS2,0.81,IGI,Oval,1120.0
Ideal,G,VS1,0.47,IGI,Marquise,480.0
Super Ideal,J,VS2,2.1,IGI,Oval,4300.0
Ideal,G,VS1,1.33,IGI,Pear,3010.0
Ideal,I,VS2,2.02,IGI,Princess,4010.0
Ideal,E,VS1,2.0,GCAL,Pear,9310.0
Ideal,E,SI1,1.55,IGI,Asscher,3750.0
Ideal,H,VVS2,0.59,IGI,Oval,650.0
Super Ideal,G,VVS1,1.3,IGI,Round,3770.0
Super Ideal,F,VS2,1.21,IGI,Oval,2520.0
Super Ideal,J,VVS2,1.65,IGI,Round,2820.0
Very Good,I,VS2,2.08,GCAL,Oval,5220.0
Super Ideal,E,VS1,1.08,IGI,Round,2628.0
Ideal,I,VVS2,2.07,IGI,Round,5517.5
Ideal,E,VS2,1.21,GCAL,Asscher,2680.0
Ideal,G,SI1,0.97,IGI,Pear,1460.0
Super Ideal,F,SI2,0.56,IGI,Round,630.0
Super Ideal,J,VS1,2.01,IGI,Oval,4238.57
Very Good,H,VS2,1.16,IGI,Pear,1840.0
Very Good,I,SI1,1.57,GCAL,Cushion,3380.0
Ideal,G,VVS1,1.0,IGI,Round,2675.0
Very Good,J,SI1,2.01,IGI,Cushion,3795.0
Super Ideal,E,SI2,0.36,IGI,Round,390.0
Super Ideal,I,VS1,1.09,IGI,Oval,1655.0
Ideal,F,SI2,0.5,IGI,Round,540.0
Ideal,H,SI1,2.01,IGI,Radiant,5070.0
Super Ideal,E,SI2,0.61,IGI,Round,680.0
Very Good,D,VVS2,0.83,IGI,Pear,1620.0
Ideal,G,VS2,0.89,GCAL,Pear,1350.0
Ideal,I,VS1,0.56,IGI,Pear,560.0
Super Ideal,G,VS1,2.14,IGI,Oval,7590.0
Ideal,D,VVS1,1.02,IGI,Pear,3380.0
Good,F,VS2,0.51,IGI,Oval,570.0
Ideal,I,VS2,3.23,GCAL,Round,10050.0
Ideal,J,VVS2,1.75,IGI,Round,3210.0
Ideal,I,VS1,2.52,IGI,Round,6960.0
Ideal,E,VS1,1.03,GCAL,Asscher,2360.0
Ideal,E,SI2,0.66,IGI,Round,730.0
Super Ideal,H,SI2,2.77,IGI,Round,8030.0
Super Ideal,J,SI2,0.71,IGI,Emerald,660.0
Super Ideal,D,SI1,1.28,IGI,Round,2460.0
Ideal,I,SI1,1.95,IGI,Pear,3680.0
Ideal,H,VVS2,0.68,IGI,Round,940.0
Super Ideal,D,SI1,0.34,IGI,Pear,350.0
Ideal,F,SI1,3.56,IGI,Cushion,12670.0
Very Good,F,SI1,1.55,IGI,Round,3570.0
Good,G,VS1,1.0,IGI,Pear,2160.0
